StartDate,EndDate,Status,Progress,Duration (in seconds),Finished,RecordedDate,ResponseId,DiffPredict,workerId,loginURL,condid,turkid
24/9/2019 21:39,24/9/2019 21:40,0,100,33,1,24/9/2019 21:40,R_ZDCRpaB3WcVY0tH,2,A17TKHT8FEVH0R,https://investing-lf.herokuapp.com/login,0,A17TKHT8FEVH0R
24/9/2019 21:39,24/9/2019 21:40,0,100,30,1,24/9/2019 21:40,R_3iOPH2r7qZGaN2t,-1,AKNLD4GWEGW4U,https://investing-lf.herokuapp.com/login,-2,AKNLD4GWEGW4U
24/9/2019 21:39,24/9/2019 21:40,0,100,24,1,24/9/2019 21:40,R_1fcHgtR9YQWXLIY,-2,A324KCBTOD3P6Y,https://investing-lf.herokuapp.com/login,2,A324KCBTOD3P6Y
24/9/2019 21:39,24/9/2019 21:40,0,100,23,1,24/9/2019 21:40,R_2vcWijXOG6qpO9Z,2,AK3L1YS2HAYL7,https://investing-lf.herokuapp.com/login,0,AK3L1YS2HAYL7
24/9/2019 21:39,24/9/2019 21:40,0,100,34,1,24/9/2019 21:40,R_6SuuChRcEiA6OnT,-1,A2S75O867RJG0I,https://investing-lf.herokuapp.com/login,2,A2S75O867RJG0I
24/9/2019 21:39,24/9/2019 21:40,0,100,30,1,24/9/2019 21:40,R_2xJpMj35ItTiZnP,-1,A13JQTLPWXZD6L,https://investing-lf.herokuapp.com/login,-2,A13JQTLPWXZD6L
24/9/2019 21:39,24/9/2019 21:40,0,100,28,1,24/9/2019 21:40,R_WApz1OVaz5ftfkB,-2,A2LT9OPQXI1T4S,https://investing-lf.herokuapp.com/login,-2,A2LT9OPQXI1T4S
24/9/2019 21:39,24/9/2019 21:40,0,100,50,1,24/9/2019 21:40,R_1jqhkshTeDuQDex,0,A2J18K5IUQ2K4G,https://investing-lf.herokuapp.com/login,2,A2J18K5IUQ2K4G
24/9/2019 21:40,24/9/2019 21:40,0,100,22,1,24/9/2019 21:40,R_3GxDzAmxKcbrsQ0,2,A30UE6DWFNUCWX,https://investing-lf.herokuapp.com/login,0,A30UE6DWFNUCWX
24/9/2019 21:39,24/9/2019 21:40,0,100,38,1,24/9/2019 21:40,R_20NDx0PUyjss1nk,1,A1KFUXSVGSHL5Z,https://investing-lf.herokuapp.com/login,-2,A1KFUXSVGSHL5Z
24/9/2019 21:39,24/9/2019 21:40,0,100,32,1,24/9/2019 21:40,R_2ZCekq7L5XedUVJ,-1,A1YSYI926BBOHW,https://investing-lf.herokuapp.com/login,0,A1YSYI926BBOHW
24/9/2019 21:39,24/9/2019 21:40,0,100,38,1,24/9/2019 21:40,R_2fDopGXBxQ8I6P2,0,A3TUJHF9LW3M8N,https://investing-lf.herokuapp.com/login,-2,A3TUJHF9LW3M8N
24/9/2019 21:39,24/9/2019 21:40,0,100,48,1,24/9/2019 21:40,R_27BGr2cOHEZJUZT,-3,A3MZXFELFJGA4H,https://investing-lf.herokuapp.com/login,2,A3MZXFELFJGA4H
24/9/2019 21:40,24/9/2019 21:40,0,100,31,1,24/9/2019 21:40,R_2tDahS4RJu9OP5s,-1,A36GU3OHGLDS8R,https://investing-lf.herokuapp.com/login,0,A36GU3OHGLDS8R
24/9/2019 21:39,24/9/2019 21:40,0,100,42,1,24/9/2019 21:40,R_27xjFkxC3CvojG2,2,A3IE3G1JC4XFGN,https://investing-lf.herokuapp.com/login,0,A3IE3G1JC4XFGN
24/9/2019 21:39,24/9/2019 21:40,0,100,43,1,24/9/2019 21:40,R_XMKajUL89nTr8u5,0,A2HC9549CZAKNN,https://investing-lf.herokuapp.com/login,0,A2HC9549CZAKNN
24/9/2019 21:39,24/9/2019 21:40,0,100,45,1,24/9/2019 21:40,R_UJYpUVFT3YucXlv,-1,AM7Y47LTJKDAN,https://investing-lf.herokuapp.com/login,2,AM7Y47LTJKDAN
24/9/2019 21:39,24/9/2019 21:40,0,100,55,1,24/9/2019 21:40,R_2COlM7P6bVDmj4M,1,AH4YPX4FVWMSY,https://investing-lf.herokuapp.com/login,0,AH4YPX4FVWMSY
24/9/2019 21:39,24/9/2019 21:40,0,100,52,1,24/9/2019 21:40,R_2PhBkJM0CPLUIMa,-2,A1M3HU7RRX0BXZ,https://investing-lf.herokuapp.com/login,2,A1M3HU7RRX0BXZ
24/9/2019 21:39,24/9/2019 21:40,0,100,55,1,24/9/2019 21:40,R_233pNYiIkHxCvcF,-2,A1A4FV99I596WA,https://investing-lf.herokuapp.com/login,2,A1A4FV99I596WA
24/9/2019 21:39,24/9/2019 21:40,0,100,50,1,24/9/2019 21:40,R_bavzoqvucdyx8w9,-2,A3PNUKFE80TO9Z,https://investing-lf.herokuapp.com/login,2,A3PNUKFE80TO9Z
24/9/2019 21:39,24/9/2019 21:40,0,100,48,1,24/9/2019 21:40,R_31EEVdwxxkwc4qR,-1,A1VAL7L9L79IN0,https://investing-lf.herokuapp.com/login,2,A1VAL7L9L79IN0
24/9/2019 21:39,24/9/2019 21:40,0,100,54,1,24/9/2019 21:40,R_3LgU8fZENsDmDG8,0,AFW7CMNKDWXZC,https://investing-lf.herokuapp.com/login,0,AFW7CMNKDWXZC
24/9/2019 21:39,24/9/2019 21:40,0,100,51,1,24/9/2019 21:40,R_AHwTw6ZWTfXF6Fj,-1,ARI1EMAHUA9PO,https://investing-lf.herokuapp.com/login,2,ARI1EMAHUA9PO
24/9/2019 21:40,24/9/2019 21:40,0,100,31,1,24/9/2019 21:40,R_1fjC7MpsjMpednt,-1,A143XRCI1YXAFE,https://investing-lf.herokuapp.com/login,-2,A143XRCI1YXAFE
24/9/2019 21:40,24/9/2019 21:40,0,100,41,1,24/9/2019 21:40,R_RWCrd8G5bZefIzL,-1,A2EQOFJNKS7RCN,https://investing-lf.herokuapp.com/login,2,A2EQOFJNKS7RCN
24/9/2019 21:39,24/9/2019 21:40,0,100,52,1,24/9/2019 21:40,R_2Y5oHbyB9GnB3kE,-3,A26L1WL3MW60A9,https://investing-lf.herokuapp.com/login,-2,A26L1WL3MW60A9
24/9/2019 21:40,24/9/2019 21:40,0,100,44,1,24/9/2019 21:40,R_33BGZEUbryG9jvG,-1,A3H6L4YIN8K9JV,https://investing-lf.herokuapp.com/login,-2,A3H6L4YIN8K9JV
24/9/2019 21:40,24/9/2019 21:40,0,100,41,1,24/9/2019 21:40,R_3qya7Rg4jn8jNel,1,A18R40BXX0EU9T,https://investing-lf.herokuapp.com/login,-2,A18R40BXX0EU9T
24/9/2019 21:40,24/9/2019 21:40,0,100,33,1,24/9/2019 21:40,R_O1ds8yLSLJ8qyt3,-1,A3HW4QDJB63OQ2,https://investing-lf.herokuapp.com/login,-2,A3HW4QDJB63OQ2
24/9/2019 21:40,24/9/2019 21:40,0,100,39,1,24/9/2019 21:40,R_20OqWxNuPPgdteJ,2,A1LR0VQIHQUJAM,https://investing-lf.herokuapp.com/login,0,A1LR0VQIHQUJAM
24/9/2019 21:40,24/9/2019 21:40,0,100,51,1,24/9/2019 21:40,R_2pMoRNgdKw8mMzs,1,A168B0VAQ1RXKB,https://investing-lf.herokuapp.com/login,0,A168B0VAQ1RXKB
24/9/2019 21:40,24/9/2019 21:40,0,100,46,1,24/9/2019 21:40,R_b93stMkg6dF04bT,-2,A2Q4ITJAJCG8A3,https://investing-lf.herokuapp.com/login,-2,A2Q4ITJAJCG8A3
24/9/2019 21:40,24/9/2019 21:40,0,100,25,1,24/9/2019 21:40,R_2AKKp5kV7BQvxSG,2,AUCHGHY1IKZZK,https://investing-lf.herokuapp.com/login,2,AUCHGHY1IKZZK
24/9/2019 21:39,24/9/2019 21:40,0,100,54,1,24/9/2019 21:40,R_2sGsGcfRUweLFIJ,-1,A31PXEBRLT9LW,https://investing-lf.herokuapp.com/login,2,A31PXEBRLT9LW
24/9/2019 21:40,24/9/2019 21:40,0,100,33,1,24/9/2019 21:40,R_2cBkQNPe6xkHYf2,1,A3N5TBI76IVJFA,https://investing-lf.herokuapp.com/login,-2,A3N5TBI76IVJFA
24/9/2019 21:40,24/9/2019 21:40,0,100,43,1,24/9/2019 21:40,R_32X7mJtQA1JFrKl,2,A2AGVSN2004YMQ,https://investing-lf.herokuapp.com/login,2,A2AGVSN2004YMQ
24/9/2019 21:40,24/9/2019 21:40,0,100,46,1,24/9/2019 21:40,R_tRRdk4sAzIKEwoN,2,A1MXE9QGRV61MW,https://investing-lf.herokuapp.com/login,2,A1MXE9QGRV61MW
24/9/2019 21:40,24/9/2019 21:40,0,100,41,1,24/9/2019 21:40,R_24f7jPgyloQQf0a,-1,A1DGO1HBALAIJU,https://investing-lf.herokuapp.com/login,0,A1DGO1HBALAIJU
24/9/2019 21:40,24/9/2019 21:40,0,100,3,1,24/9/2019 21:40,R_sXs2qnxcQlynCBb,-3,NA,https://investing-lf.herokuapp.com/login,0,NA
24/9/2019 21:39,24/9/2019 21:40,0,100,79,1,24/9/2019 21:40,R_1IYJLhfVedb07gH,-2,ALDQRWYZ8KQ9A,https://investing-lf.herokuapp.com/login,0,ALDQRWYZ8KQ9A
24/9/2019 21:40,24/9/2019 21:41,0,100,49,1,24/9/2019 21:41,R_28zywuOlzFLg1aK,1,A3DUPRZSMU9W5R,https://investing-lf.herokuapp.com/login,-2,A3DUPRZSMU9W5R
24/9/2019 21:39,24/9/2019 21:41,0,100,75,1,24/9/2019 21:41,R_2thTIG0CsoAUH4Q,1,A89V0N7BUJKAQ,https://investing-lf.herokuapp.com/login,-2,A89V0N7BUJKAQ
24/9/2019 21:40,24/9/2019 21:41,0,100,48,1,24/9/2019 21:41,R_2bHpglM31hd4kAx,0,AKX9W0NF71OI7,https://investing-lf.herokuapp.com/login,0,AKX9W0NF71OI7
24/9/2019 21:39,24/9/2019 21:41,0,100,65,1,24/9/2019 21:41,R_1N535ncBi6lQVvi,-1,A3AJJHOAV7WIUQ,https://investing-lf.herokuapp.com/login,2,A3AJJHOAV7WIUQ
24/9/2019 21:40,24/9/2019 21:41,0,100,51,1,24/9/2019 21:41,R_RfpKwba4Y0lg2mR,-1,ANVXAMUEBGV8N,https://investing-lf.herokuapp.com/login,0,ANVXAMUEBGV8N
24/9/2019 21:39,24/9/2019 21:41,0,100,70,1,24/9/2019 21:41,R_1FRkQnM14rnk5rR,-1,A12A5GVJX5RZC4,https://investing-lf.herokuapp.com/login,2,A12A5GVJX5RZC4
24/9/2019 21:40,24/9/2019 21:41,0,100,37,1,24/9/2019 21:41,R_1H6NyAz0ohwPryl,-2,A11S8IAAVDXCUS,https://investing-lf.herokuapp.com/login,0,A11S8IAAVDXCUS
24/9/2019 21:39,24/9/2019 21:41,0,100,67,1,24/9/2019 21:41,R_1Ngm6yJYs3DAVP0,-1,A3K7E8VMPN01DT,https://investing-lf.herokuapp.com/login,-2,A3K7E8VMPN01DT
24/9/2019 21:40,24/9/2019 21:41,0,100,18,1,24/9/2019 21:41,R_1QKH262Uqzvtwzt,-2,A3PKTPXXORWR97,https://investing-lf.herokuapp.com/login,2,A3PKTPXXORWR97
24/9/2019 21:40,24/9/2019 21:41,0,100,26,1,24/9/2019 21:41,R_24rbFu52cxWx5Gb,-1,A2541C8MY0BYV3,https://investing-lf.herokuapp.com/login,-2,A2541C8MY0BYV3
24/9/2019 21:40,24/9/2019 21:41,0,100,40,1,24/9/2019 21:41,R_2scjtg6iWAL31rQ,2,A2CEGS0NVDBCPT,https://investing-lf.herokuapp.com/login,2,A2CEGS0NVDBCPT
24/9/2019 21:40,24/9/2019 21:41,0,100,56,1,24/9/2019 21:41,R_1mRzBiTVdt9htuS,-1,A2Q1C7AXB3U84W,https://investing-lf.herokuapp.com/login,0,A2Q1C7AXB3U84W
24/9/2019 21:39,24/9/2019 21:41,0,100,73,1,24/9/2019 21:41,R_TpIDmROgqIDslep,1,A2MCG5W6LHSRG9,https://investing-lf.herokuapp.com/login,0,A2MCG5W6LHSRG9
24/9/2019 21:40,24/9/2019 21:41,0,100,46,1,24/9/2019 21:41,R_2qfKjm1swFUtNEO,-2,AU8XCHDPGUS8B,https://investing-lf.herokuapp.com/login,-2,AU8XCHDPGUS8B
24/9/2019 21:40,24/9/2019 21:41,0,100,51,1,24/9/2019 21:41,R_wSE9eSizoBAmi6R,-1,A219Y0MX694TM2,https://investing-lf.herokuapp.com/login,2,A219Y0MX694TM2
24/9/2019 21:39,24/9/2019 21:41,0,100,80,1,24/9/2019 21:41,R_2YQwj47Xj3qWQ8p,0,A3KUZ2JNKHZBQK,https://investing-lf.herokuapp.com/login,-2,A3KUZ2JNKHZBQK
24/9/2019 21:40,24/9/2019 21:41,0,100,72,1,24/9/2019 21:41,R_3O2LX1QuUVl4KUp,1,A2OFRJHPNIMPI7,https://investing-lf.herokuapp.com/login,0,A2OFRJHPNIMPI7
24/9/2019 21:39,24/9/2019 21:41,0,100,81,1,24/9/2019 21:41,R_2ypSVvmloo9rkXz,-2,A1ERMRNNR0CZ2Y,https://investing-lf.herokuapp.com/login,-2,A1ERMRNNR0CZ2Y
24/9/2019 21:40,24/9/2019 21:41,0,100,62,1,24/9/2019 21:41,R_3qUpO9ku8Rnv5ST,2,A2M2OQ2KADFBJM,https://investing-lf.herokuapp.com/login,-2,A2M2OQ2KADFBJM
24/9/2019 21:39,24/9/2019 21:41,0,100,93,1,24/9/2019 21:41,R_3l7ic1UbANLJBER,-1,A1ICZRR7BO5HLU,https://investing-lf.herokuapp.com/login,-2,A1ICZRR7BO5HLU
24/9/2019 21:39,24/9/2019 21:41,0,100,91,1,24/9/2019 21:41,R_T6PH7nPUkOSNJ4t,0,A3RHJEMZ4EGY2U,https://investing-lf.herokuapp.com/login,0,A3RHJEMZ4EGY2U
24/9/2019 21:40,24/9/2019 21:41,0,100,60,1,24/9/2019 21:41,R_2Brey4fSAXeNIiq,-2,A12IHTKQFQIPD1,https://investing-lf.herokuapp.com/login,2,A12IHTKQFQIPD1
24/9/2019 21:40,24/9/2019 21:41,0,100,76,1,24/9/2019 21:41,R_PNY4A4jKiFFN4Vr,-2,A2X823PACMMOKP,https://investing-lf.herokuapp.com/login,2,A2X823PACMMOKP
24/9/2019 21:40,24/9/2019 21:41,0,100,71,1,24/9/2019 21:41,R_YVpmv53VREjfG13,-1,A9O273N0X06JS,https://investing-lf.herokuapp.com/login,2,A9O273N0X06JS
24/9/2019 21:40,24/9/2019 21:41,0,100,43,1,24/9/2019 21:41,R_2ONOUE5tqYI6KQx,0,A2X3O8OGDVDPD6,https://investing-lf.herokuapp.com/login,0,A2X3O8OGDVDPD6
24/9/2019 21:40,24/9/2019 21:41,0,100,61,1,24/9/2019 21:41,R_1is5ZPl2hriSpaD,-1,A1OZPLHNIU1519,https://investing-lf.herokuapp.com/login,2,A1OZPLHNIU1519
24/9/2019 21:41,24/9/2019 21:41,8,100,9,1,24/9/2019 21:41,R_22YBIiT5lmXCm78,-2,A2Q4ITJAJCG8A3,https://investing-lf.herokuapp.com/login,-2,A2Q4ITJAJCG8A3
24/9/2019 21:40,24/9/2019 21:41,0,100,66,1,24/9/2019 21:41,R_vrwu2sg10nP5uy5,1,A3B1SQFC7YFOV,https://investing-lf.herokuapp.com/login,0,A3B1SQFC7YFOV
24/9/2019 21:39,24/9/2019 21:41,0,100,99,1,24/9/2019 21:41,R_1ISjfzoUJk7nzNr,-1,AF49Z1Q86AEXC,https://investing-lf.herokuapp.com/login,2,AF49Z1Q86AEXC
24/9/2019 21:39,24/9/2019 21:41,0,100,102,1,24/9/2019 21:41,R_1n6KYTeNSQcOGqn,1,ALDWVFR4I0V2D,https://investing-lf.herokuapp.com/login,2,ALDWVFR4I0V2D
24/9/2019 21:41,24/9/2019 21:41,0,100,27,1,24/9/2019 21:41,R_2WHiGP9eGIUZTEY,2,A2FEPNA8OA1UE,https://investing-lf.herokuapp.com/login,2,A2FEPNA8OA1UE
24/9/2019 21:40,24/9/2019 21:41,0,100,93,1,24/9/2019 21:41,R_2tchEcv4ETyVYWl,-2,A2VXEPC4KG1CWU,https://investing-lf.herokuapp.com/login,0,A2VXEPC4KG1CWU
24/9/2019 21:40,24/9/2019 21:41,0,100,87,1,24/9/2019 21:41,R_3nq7AXI1ymojeRy,2,AC47RDUMYXM4P,https://investing-lf.herokuapp.com/login,0,AC47RDUMYXM4P
24/9/2019 21:40,24/9/2019 21:41,0,100,92,1,24/9/2019 21:41,R_3knVBWmG7O0LG8r,-1,A7D6YDQDS5QRQ,https://investing-lf.herokuapp.com/login,2,A7D6YDQDS5QRQ
24/9/2019 21:40,24/9/2019 21:41,0,100,53,1,24/9/2019 21:41,R_3RyHBNpJGFsu877,2,A3774HPOUKYTX7,https://investing-lf.herokuapp.com/login,2,A3774HPOUKYTX7
24/9/2019 21:41,24/9/2019 21:41,0,100,13,1,24/9/2019 21:41,R_6tIXzaRSUd0l0jf,0,A1299WL9DI3TEF,https://investing-lf.herokuapp.com/login,0,A1299WL9DI3TEF
24/9/2019 21:40,24/9/2019 21:41,0,100,102,1,24/9/2019 21:41,R_2fvAakqXyoXZFRL,-2,A2MOD3TN7HL7II,https://investing-lf.herokuapp.com/login,0,A2MOD3TN7HL7II
24/9/2019 21:41,24/9/2019 21:41,0,100,36,1,24/9/2019 21:41,R_823kGLR9Dpn0puF,-1,A1W9G8QEYMQ19K,https://investing-lf.herokuapp.com/login,2,A1W9G8QEYMQ19K
24/9/2019 21:40,24/9/2019 21:41,0,100,97,1,24/9/2019 21:41,R_02tPyYN4oStTjjz,-1,A2G7XPM051Q1XB,https://investing-lf.herokuapp.com/login,-2,A2G7XPM051Q1XB
24/9/2019 21:41,24/9/2019 21:41,8,100,11,1,24/9/2019 21:41,R_abpP2A5V1dyPXIB,-1,A3AJJHOAV7WIUQ,https://investing-lf.herokuapp.com/login,-2,A3AJJHOAV7WIUQ
24/9/2019 21:40,24/9/2019 21:41,0,100,74,1,24/9/2019 21:41,R_W7lG6TcbsJmTOgN,-1,ANFWGSQ8BQRZ,https://investing-lf.herokuapp.com/login,0,ANFWGSQ8BQRZ
24/9/2019 21:40,24/9/2019 21:41,0,100,93,1,24/9/2019 21:41,R_2SBjujrbOyxbyaC,-2,A2ZBDSR2LZNVAE,https://investing-lf.herokuapp.com/login,-2,A2ZBDSR2LZNVAE
24/9/2019 21:40,24/9/2019 21:41,0,100,60,1,24/9/2019 21:41,R_20SzeB9YFmjUZ1S,0,AKMIORNF40ST7,https://investing-lf.herokuapp.com/login,2,AKMIORNF40ST7
24/9/2019 21:39,24/9/2019 21:41,0,100,114,1,24/9/2019 21:41,R_1GTFDQl2I4ZKFBV,-2,A10AVWALIHR4UQ,https://investing-lf.herokuapp.com/login,0,A10AVWALIHR4UQ
24/9/2019 21:40,24/9/2019 21:41,0,100,105,1,24/9/2019 21:41,R_32Sg6XgNDLlCZMY,-1,A1GTYHV8OYQQLV,https://investing-lf.herokuapp.com/login,2,A1GTYHV8OYQQLV
24/9/2019 21:39,24/9/2019 21:42,0,100,125,1,24/9/2019 21:42,R_3qvPRVnROrt3gGV,-1,A1PHDT66U6IK4Q,https://investing-lf.herokuapp.com/login,-2,A1PHDT66U6IK4Q
24/9/2019 21:40,24/9/2019 21:42,0,100,104,1,24/9/2019 21:42,R_ePsJwcGQC547zVv,-2,A1MIB492BU9KIQ,https://investing-lf.herokuapp.com/login,0,A1MIB492BU9KIQ
24/9/2019 21:40,24/9/2019 21:42,0,100,114,1,24/9/2019 21:42,R_1GZzeVS1ulEoaWR,-1,A2UKCO1M1MEMZW,https://investing-lf.herokuapp.com/login,-2,A2UKCO1M1MEMZW
24/9/2019 21:39,24/9/2019 21:42,0,100,133,1,24/9/2019 21:42,R_3D23FyGDaymiwAk,-1,A22LQL0UHAOMC9,https://investing-lf.herokuapp.com/login,0,A22LQL0UHAOMC9
24/9/2019 21:40,24/9/2019 21:42,0,100,82,1,24/9/2019 21:42,R_22xdln2utqI80OU,-2,A2W5Q0IVJUS7Y6,https://investing-lf.herokuapp.com/login,-2,A2W5Q0IVJUS7Y6
24/9/2019 21:41,24/9/2019 21:42,0,100,66,1,24/9/2019 21:42,R_3OjMiut69lmeOKK,1,AQ2Z8GSCNU8H6,https://investing-lf.herokuapp.com/login,-2,AQ2Z8GSCNU8H6
24/9/2019 21:41,24/9/2019 21:42,0,100,24,1,24/9/2019 21:42,R_1kGiz8pCUBnU9Yw,0,A3I9FTHSULHPYS,https://investing-lf.herokuapp.com/login,2,A3I9FTHSULHPYS
24/9/2019 21:40,24/9/2019 21:42,0,100,73,1,24/9/2019 21:42,R_2zBZaA9uyveQ9Kf,2,A2W8ZODKKQ7RYP,https://investing-lf.herokuapp.com/login,0,A2W8ZODKKQ7RYP
24/9/2019 21:40,24/9/2019 21:42,0,100,75,1,24/9/2019 21:42,R_bDFTSwaNTkONdAt,-1,A6BXO4JNQP7W9,https://investing-lf.herokuapp.com/login,-2,A6BXO4JNQP7W9
24/9/2019 21:39,24/9/2019 21:42,0,100,137,1,24/9/2019 21:42,R_9popdpnjivcQBax,-1,A3ANJRMHMVC97K,https://investing-lf.herokuapp.com/login,2,A3ANJRMHMVC97K
24/9/2019 21:40,24/9/2019 21:42,0,100,122,1,24/9/2019 21:42,R_2xXfcKwhfKdPWJc,-1,A2RB4WF5CDMEL9,https://investing-lf.herokuapp.com/login,-2,A2RB4WF5CDMEL9
24/9/2019 21:40,24/9/2019 21:42,0,100,86,1,24/9/2019 21:42,R_ULmXx25TErhSuTn,-1,AM0QVBV8L6QCJ,https://investing-lf.herokuapp.com/login,2,AM0QVBV8L6QCJ
24/9/2019 21:41,24/9/2019 21:42,0,100,35,1,24/9/2019 21:42,R_PULkONsyOOCyLkZ,-3,AUSRHMZM3R6CW,https://investing-lf.herokuapp.com/login,2,AUSRHMZM3R6CW
24/9/2019 21:42,24/9/2019 21:42,8,100,10,1,24/9/2019 21:42,R_pN6emrVCC1Z5wR3,-1,A143XRCI1YXAFE,https://investing-lf.herokuapp.com/login,2,A143XRCI1YXAFE
24/9/2019 21:41,24/9/2019 21:42,0,100,69,1,24/9/2019 21:42,R_sopAabFEJf8QOul,-1,A1G6F1HWIS2K2K,https://investing-lf.herokuapp.com/login,0,A1G6F1HWIS2K2K
24/9/2019 21:42,24/9/2019 21:42,0,100,19,1,24/9/2019 21:42,R_agF323Ajelx7UOJ,0,A1LOD3LNX7FUPJ,https://investing-lf.herokuapp.com/login,-2,A1LOD3LNX7FUPJ
24/9/2019 21:40,24/9/2019 21:42,0,100,132,1,24/9/2019 21:42,R_ekEliAiJdMv4Y7L,2,AWNRDWH41DFDA,https://investing-lf.herokuapp.com/login,-2,AWNRDWH41DFDA
24/9/2019 21:39,24/9/2019 21:42,0,100,154,1,24/9/2019 21:42,R_3rSeXb7DMNJ7tMX,0,A1S1O9ZCONEGE3,https://investing-lf.herokuapp.com/login,-2,A1S1O9ZCONEGE3
24/9/2019 21:41,24/9/2019 21:42,0,100,60,1,24/9/2019 21:42,R_2V8YFTclXSxvx2a,-1,A1RA8QOAPXYVCC,https://investing-lf.herokuapp.com/login,0,A1RA8QOAPXYVCC
24/9/2019 21:41,24/9/2019 21:42,0,100,32,1,24/9/2019 21:42,R_2tRBrgU9Muq2A6d,-1,A1WTUFTRMUN5IR,https://investing-lf.herokuapp.com/login,-2,A1WTUFTRMUN5IR
24/9/2019 21:41,24/9/2019 21:42,0,100,89,1,24/9/2019 21:42,R_3QPD597Pm9dsO1T,-2,A1H4GJFI4NJWKV,https://investing-lf.herokuapp.com/login,0,A1H4GJFI4NJWKV
24/9/2019 21:41,24/9/2019 21:42,0,100,40,1,24/9/2019 21:42,R_1ovGkcXLIZaudC5,2,A2JZUSRBP6H5S,https://investing-lf.herokuapp.com/login,-2,A2JZUSRBP6H5S
24/9/2019 21:41,24/9/2019 21:42,0,100,88,1,24/9/2019 21:42,R_1IRCvlZ00Ysc5Tq,0,A2RVFMCKSSEHDV,https://investing-lf.herokuapp.com/login,2,A2RVFMCKSSEHDV
24/9/2019 21:40,24/9/2019 21:42,0,100,145,1,24/9/2019 21:42,R_3Jw77lqVOinJRHE,-2,A1CSJFRAS32VFJ,https://investing-lf.herokuapp.com/login,0,A1CSJFRAS32VFJ
24/9/2019 21:41,24/9/2019 21:42,0,100,55,1,24/9/2019 21:42,R_4VdNEf7OPk8vsFX,-1,A270HX8LH9LJ8W,https://investing-lf.herokuapp.com/login,2,A270HX8LH9LJ8W
24/9/2019 21:40,24/9/2019 21:42,0,100,124,1,24/9/2019 21:42,R_1Kg0s8QQTKzSqF6,1,A2RQMEPIHW5BOS,https://investing-lf.herokuapp.com/login,0,A2RQMEPIHW5BOS
24/9/2019 21:42,24/9/2019 21:42,8,100,25,1,24/9/2019 21:42,R_qw7xnaDJPFl2knv,-2,A2LT9OPQXI1T4S,https://investing-lf.herokuapp.com/login,0,A2LT9OPQXI1T4S
24/9/2019 21:41,24/9/2019 21:42,0,100,50,1,24/9/2019 21:42,R_1rktCBqBddfLKDi,-1,ALF9AAZGQP4K5,https://investing-lf.herokuapp.com/login,0,ALF9AAZGQP4K5
24/9/2019 21:42,24/9/2019 21:42,8,100,13,1,24/9/2019 21:42,R_wYt8raYTmX3eqaJ,-1,A13JQTLPWXZD6L,https://investing-lf.herokuapp.com/login,0,A13JQTLPWXZD6L
24/9/2019 21:39,24/9/2019 21:42,0,100,181,1,24/9/2019 21:42,R_TvZ6Vq9npURCghz,-2,A3EOBVZ13L64O5,https://investing-lf.herokuapp.com/login,-2,A3EOBVZ13L64O5
24/9/2019 21:42,24/9/2019 21:43,0,100,41,1,24/9/2019 21:43,R_2Vg9AguHP2OYSdX,1,A2XFO0X6RCS98M,https://investing-lf.herokuapp.com/login,0,A2XFO0X6RCS98M
24/9/2019 21:40,24/9/2019 21:43,0,100,178,1,24/9/2019 21:43,R_3ezwE4omAakT3hn,-1,A2CGCAQA2IKLRV,https://investing-lf.herokuapp.com/login,-2,A2CGCAQA2IKLRV
24/9/2019 21:42,24/9/2019 21:43,8,100,7,1,24/9/2019 21:43,R_b7OAEqApnyXrENb,-1,A3HW4QDJB63OQ2,https://investing-lf.herokuapp.com/login,-2,A3HW4QDJB63OQ2
24/9/2019 21:42,24/9/2019 21:43,0,100,33,1,24/9/2019 21:43,R_3dH8xSHrt2ho0nD,1,ANEM435BSW3XU,https://investing-lf.herokuapp.com/login,-2,ANEM435BSW3XU
24/9/2019 21:42,24/9/2019 21:43,0,100,61,1,24/9/2019 21:43,R_1mFyXT1daCFgit4,3,AQTRWHJCVCOP2,https://investing-lf.herokuapp.com/login,-2,AQTRWHJCVCOP2
24/9/2019 21:42,24/9/2019 21:43,0,100,70,1,24/9/2019 21:43,R_1jNgT43QwdhesuM,1,A87D3K9YVKTQ7,https://investing-lf.herokuapp.com/login,0,A87D3K9YVKTQ7
24/9/2019 21:43,24/9/2019 21:43,0,100,9,1,24/9/2019 21:43,R_UZ1TfhyAbk3zn6V,2,A3HZFB2JLF3JMY,https://investing-lf.herokuapp.com/login,2,A3HZFB2JLF3JMY
24/9/2019 21:40,24/9/2019 21:43,0,100,172,1,24/9/2019 21:43,R_qwIabxrvMgA5Ehb,-2,AWIYSXEA51PFZ,https://investing-lf.herokuapp.com/login,2,AWIYSXEA51PFZ
24/9/2019 21:42,24/9/2019 21:43,0,100,50,1,24/9/2019 21:43,R_2cwvv5jm8PQbeIx,-1,A2QK87TCYPFR80,https://investing-lf.herokuapp.com/login,2,A2QK87TCYPFR80
24/9/2019 21:42,24/9/2019 21:43,0,100,45,1,24/9/2019 21:43,R_2ri4FKoaQtIHgVD,-1,A16TP8YGKE1FJ5,https://investing-lf.herokuapp.com/login,2,A16TP8YGKE1FJ5
24/9/2019 21:43,24/9/2019 21:43,0,100,12,1,24/9/2019 21:43,R_1LvQLmbGvmQenWV,2,A18R40BXX0EU9T,https://investing-lf.herokuapp.com/login,0,A18R40BXX0EU9T
24/9/2019 21:41,24/9/2019 21:43,0,100,121,1,24/9/2019 21:43,R_2DZl4cjHkXxVBZq,0,A3U306W3BPP0J6,https://investing-lf.herokuapp.com/login,-2,A3U306W3BPP0J6
24/9/2019 21:43,24/9/2019 21:43,0,100,31,1,24/9/2019 21:43,R_1llAXy5p91QXLsT,3,AIWSB4YTN32GF,https://investing-lf.herokuapp.com/login,2,AIWSB4YTN32GF
24/9/2019 21:43,24/9/2019 21:43,0,100,25,1,24/9/2019 21:43,R_3xxVJhx0meUm5rP,1,A1CC1ESUM2JWJ2,https://investing-lf.herokuapp.com/login,2,A1CC1ESUM2JWJ2
24/9/2019 21:39,24/9/2019 21:43,0,100,231,1,24/9/2019 21:43,R_22P7pHbulN0JhTz,0,AN098C29EGJ6,https://investing-lf.herokuapp.com/login,0,AN098C29EGJ6
24/9/2019 21:43,24/9/2019 21:43,0,100,42,1,24/9/2019 21:43,R_2Yajn8T8M6ZjVyi,-1,AHI4FABU79VTP,https://investing-lf.herokuapp.com/login,0,AHI4FABU79VTP
24/9/2019 21:42,24/9/2019 21:43,0,100,47,1,24/9/2019 21:43,R_ysvlpgu0iBKYXiV,-2,A1XVEKS9O73ERE,https://investing-lf.herokuapp.com/login,-2,A1XVEKS9O73ERE
24/9/2019 21:43,24/9/2019 21:43,8,100,8,1,24/9/2019 21:43,R_2dj7MrjwwJytMRh,2,A18R40BXX0EU9T,https://investing-lf.herokuapp.com/login,-2,A18R40BXX0EU9T
24/9/2019 21:40,24/9/2019 21:43,0,100,173,1,24/9/2019 21:43,R_vIU3US7wLVOpe93,-2,A1UY2W2FL9CWN,https://investing-lf.herokuapp.com/login,0,A1UY2W2FL9CWN
24/9/2019 21:42,24/9/2019 21:43,0,100,58,1,24/9/2019 21:43,R_2EGKVVx5eCGqjAa,-1,AQ9Y6WD8O72ZC,https://investing-lf.herokuapp.com/login,-2,AQ9Y6WD8O72ZC
24/9/2019 21:42,24/9/2019 21:43,0,100,71,1,24/9/2019 21:43,R_2YlTRKOmmgYRyIk,-1,AZY06QHJVQNWP,https://investing-lf.herokuapp.com/login,0,AZY06QHJVQNWP
24/9/2019 21:42,24/9/2019 21:43,0,100,59,1,24/9/2019 21:43,R_3egCw0m7ZA62eH5,1,ATGF05HW5Q63J,https://investing-lf.herokuapp.com/login,-2,ATGF05HW5Q63J
24/9/2019 21:43,24/9/2019 21:44,0,100,32,1,24/9/2019 21:44,R_3KGTB71k1pjfGg8,1,A1Z0YMGUC86KC5,https://investing-lf.herokuapp.com/login,0,A1Z0YMGUC86KC5
24/9/2019 21:44,24/9/2019 21:44,8,100,6,1,24/9/2019 21:44,R_2wmn7ZzFiIoMYAU,1,A1KFUXSVGSHL5Z,https://investing-lf.herokuapp.com/login,2,A1KFUXSVGSHL5Z
24/9/2019 21:42,24/9/2019 21:44,0,100,138,1,24/9/2019 21:44,R_3mfYd5dRQAa245D,-2,A1K5ILJMG439M5,https://investing-lf.herokuapp.com/login,2,A1K5ILJMG439M5
24/9/2019 21:41,24/9/2019 21:44,0,100,154,1,24/9/2019 21:44,R_Q5kznLchWdOeRHj,-2,A6WXIKRYMXNIN,https://investing-lf.herokuapp.com/login,0,A6WXIKRYMXNIN
24/9/2019 21:43,24/9/2019 21:44,0,100,63,1,24/9/2019 21:44,R_umLeo2y2YMgFB4t,0,A1UCB0D27PY623,https://investing-lf.herokuapp.com/login,0,A1UCB0D27PY623
24/9/2019 21:43,24/9/2019 21:44,0,100,69,1,24/9/2019 21:44,R_1OZh2HkXXkrhBKj,1,A125AOX978LDG7,https://investing-lf.herokuapp.com/login,-2,A125AOX978LDG7
24/9/2019 21:40,24/9/2019 21:44,0,100,263,1,24/9/2019 21:44,R_3szuuBbbccxiuOY,2,A14KUBNRAVZU43,https://investing-lf.herokuapp.com/login,2,A14KUBNRAVZU43
24/9/2019 21:43,24/9/2019 21:44,0,100,57,1,24/9/2019 21:44,R_vDCau3w1kO7R9xT,-2,A3CMYCGP1G9WKD,https://investing-lf.herokuapp.com/login,-2,A3CMYCGP1G9WKD
24/9/2019 21:43,24/9/2019 21:44,0,100,48,1,24/9/2019 21:44,R_2wiSpsb6SkXvGUt,-1,A2C7A6E70NYNUI,https://investing-lf.herokuapp.com/login,2,A2C7A6E70NYNUI
24/9/2019 21:44,24/9/2019 21:44,0,100,19,1,24/9/2019 21:44,R_yqELfSaUNtYF0SR,0,A100DH6ZVHB9EP,https://investing-lf.herokuapp.com/login,2,A100DH6ZVHB9EP
24/9/2019 21:43,24/9/2019 21:44,0,100,99,1,24/9/2019 21:44,R_1eKVCTg18YqeIk3,-1,A1SHLWKA0UH1IS,https://investing-lf.herokuapp.com/login,-2,A1SHLWKA0UH1IS
24/9/2019 21:40,24/9/2019 21:44,0,100,285,1,24/9/2019 21:44,R_2CTEIeckc2qXuvg,-1,AJTLLYV8O5FQU,https://investing-lf.herokuapp.com/login,0,AJTLLYV8O5FQU
24/9/2019 21:40,24/9/2019 21:44,0,100,247,1,24/9/2019 21:44,R_3mah4mRJ6B0ctI2,0,A2UTDZAZV1DF0N,https://investing-lf.herokuapp.com/login,-2,A2UTDZAZV1DF0N
24/9/2019 21:43,24/9/2019 21:44,0,100,53,1,24/9/2019 21:44,R_3ozuaF2kc2vLcrb,2,A1YHIQHLLLQIIQ,https://investing-lf.herokuapp.com/login,-2,A1YHIQHLLLQIIQ
24/9/2019 21:43,24/9/2019 21:44,0,100,56,1,24/9/2019 21:44,R_2B51jYSzQ1OhEVY,-2,A1FYWSPNO7KN1O,https://investing-lf.herokuapp.com/login,0,A1FYWSPNO7KN1O
24/9/2019 21:43,24/9/2019 21:44,0,100,64,1,24/9/2019 21:44,R_w7aGxeoBUYZe2oF,1,A2NEFRREWF33YP,https://investing-lf.herokuapp.com/login,-2,A2NEFRREWF33YP
24/9/2019 21:44,24/9/2019 21:44,0,100,24,1,24/9/2019 21:44,R_3dGJaheIrBCJ4jq,1,A11TREGDHSUSJW,https://investing-lf.herokuapp.com/login,0,A11TREGDHSUSJW
24/9/2019 21:44,24/9/2019 21:44,0,100,51,1,24/9/2019 21:44,R_bl62K5KsZees9YR,-2,A2P791EA88YGSV,https://investing-lf.herokuapp.com/login,0,A2P791EA88YGSV
24/9/2019 21:43,24/9/2019 21:44,0,100,95,1,24/9/2019 21:44,R_1pzp38DmBIkcKHy,-1,A3ITZNJQUTIZ4C,https://investing-lf.herokuapp.com/login,0,A3ITZNJQUTIZ4C
24/9/2019 21:44,24/9/2019 21:44,0,100,34,1,24/9/2019 21:44,R_2QDwJS9oNAXAHRi,0,A2O0G9HPA6GR1E,https://investing-lf.herokuapp.com/login,2,A2O0G9HPA6GR1E
24/9/2019 21:43,24/9/2019 21:45,0,100,108,1,24/9/2019 21:45,R_ysgbgj2GpzjLtyp,-2,A2871R3LEPWMMK,https://investing-lf.herokuapp.com/login,2,A2871R3LEPWMMK
24/9/2019 21:43,24/9/2019 21:45,0,100,76,1,24/9/2019 21:45,R_2CqssrnsM54DygJ,-1,A6MWJK1YEY5L2,https://investing-lf.herokuapp.com/login,2,A6MWJK1YEY5L2
24/9/2019 21:45,24/9/2019 21:45,8,100,10,1,24/9/2019 21:45,R_3iJrHPoA0UkZbl8,1,A3DUPRZSMU9W5R,https://investing-lf.herokuapp.com/login,0,A3DUPRZSMU9W5R
24/9/2019 21:44,24/9/2019 21:45,0,100,48,1,24/9/2019 21:45,R_26nDqZUoYJHDGFY,1,A2CTA782EBXUCT,https://investing-lf.herokuapp.com/login,-2,A2CTA782EBXUCT
24/9/2019 21:44,24/9/2019 21:45,0,100,22,1,24/9/2019 21:45,R_2aJ5n5y7FIKepNI,3,AQ2Z8GSCNU8H6,https://investing-lf.herokuapp.com/login,0,AQ2Z8GSCNU8H6
24/9/2019 21:41,24/9/2019 21:45,0,100,220,1,24/9/2019 21:45,R_3KZLa0tOq8CKlXo,1,A3MD3CC58W6WWQ,https://investing-lf.herokuapp.com/login,-2,A3MD3CC58W6WWQ
24/9/2019 21:44,24/9/2019 21:45,0,100,34,1,24/9/2019 21:45,R_1Ho7uQ04WfDKkQ1,-1,A1KHRQ121JTDF6,https://investing-lf.herokuapp.com/login,2,A1KHRQ121JTDF6
24/9/2019 21:44,24/9/2019 21:45,0,100,43,1,24/9/2019 21:45,R_daOM1OlktzFNAJ3,1,A1C2T79XTDHE39,https://investing-lf.herokuapp.com/login,0,A1C2T79XTDHE39
24/9/2019 21:44,24/9/2019 21:45,0,100,85,1,24/9/2019 21:45,R_AyNuJ4774dju94B,-1,AKOOC3BXIS15H,https://investing-lf.herokuapp.com/login,0,AKOOC3BXIS15H
24/9/2019 21:45,24/9/2019 21:45,8,100,9,1,24/9/2019 21:45,R_1dAKQjBH9cW76kH,1,A3DUPRZSMU9W5R,https://investing-lf.herokuapp.com/login,2,A3DUPRZSMU9W5R
24/9/2019 21:45,24/9/2019 21:45,8,100,6,1,24/9/2019 21:45,R_31A5WsNrvbj2yL2,3,AQ2Z8GSCNU8H6,https://investing-lf.herokuapp.com/login,0,AQ2Z8GSCNU8H6
24/9/2019 21:45,24/9/2019 21:45,8,100,26,1,24/9/2019 21:45,R_2zbtGEmzCQAoxYy,0,A2O0G9HPA6GR1E,https://investing-lf.herokuapp.com/login,0,A2O0G9HPA6GR1E
24/9/2019 21:44,24/9/2019 21:45,0,100,76,1,24/9/2019 21:45,R_1gbHeq1BeysTHjN,-2,A1P6OXEJ86HQRM,https://investing-lf.herokuapp.com/login,-2,A1P6OXEJ86HQRM
24/9/2019 21:45,24/9/2019 21:45,0,100,29,1,24/9/2019 21:45,R_XnfXwjBebtJ5ZQd,1,AFK9ALQK5GPNG,https://investing-lf.herokuapp.com/login,0,AFK9ALQK5GPNG
24/9/2019 21:44,24/9/2019 21:45,0,100,56,1,24/9/2019 21:45,R_1mVGifv5QSSvIF5,-1,A2A4UAFZ5LW71K,https://investing-lf.herokuapp.com/login,2,A2A4UAFZ5LW71K
24/9/2019 21:45,24/9/2019 21:45,8,100,14,1,24/9/2019 21:45,R_2eWOk3NAGUxe2Et,1,ANEM435BSW3XU,https://investing-lf.herokuapp.com/login,0,ANEM435BSW3XU
24/9/2019 21:44,24/9/2019 21:45,0,100,66,1,24/9/2019 21:45,R_cAqztH8Hc4ZMq6R,-1,A1YSBD5XW5UCR0,https://investing-lf.herokuapp.com/login,-2,A1YSBD5XW5UCR0
24/9/2019 21:43,24/9/2019 21:45,0,100,163,1,24/9/2019 21:45,R_1MSYLlHnMI2mFU6,-1,AGDJB8B8CDZ71,https://investing-lf.herokuapp.com/login,0,AGDJB8B8CDZ71
24/9/2019 21:45,24/9/2019 21:45,0,100,33,1,24/9/2019 21:45,R_1ri8xXmzhHIikac,-1,A3AHCT6Q7A3Q23,https://investing-lf.herokuapp.com/login,-2,A3AHCT6Q7A3Q23
24/9/2019 21:44,24/9/2019 21:46,0,100,101,1,24/9/2019 21:46,R_1dp4XCitkyiyP2z,-2,A3DCRZTX0HIHBJ,https://investing-lf.herokuapp.com/login,-2,A3DCRZTX0HIHBJ
24/9/2019 21:44,24/9/2019 21:46,0,100,99,1,24/9/2019 21:46,R_uwBaQvESmbBtVoB,-1,A3R457FAWQXZN3,https://investing-lf.herokuapp.com/login,2,A3R457FAWQXZN3
24/9/2019 21:42,24/9/2019 21:46,0,100,210,1,24/9/2019 21:46,R_3mf7A2DPMECluxC,2,A4J4GGMKJ68L0,https://investing-lf.herokuapp.com/login,0,A4J4GGMKJ68L0
24/9/2019 21:40,24/9/2019 21:46,0,100,369,1,24/9/2019 21:46,R_2zSD0E23Mh83sTV,-1,A2Z6NL0CTXY0ZB,https://investing-lf.herokuapp.com/login,0,A2Z6NL0CTXY0ZB
24/9/2019 21:44,24/9/2019 21:46,0,100,81,1,24/9/2019 21:46,R_11aVDtooarzBcSt,0,AOTIV8H84F69E,https://investing-lf.herokuapp.com/login,2,AOTIV8H84F69E
24/9/2019 21:46,24/9/2019 21:46,8,100,13,1,24/9/2019 21:46,R_1i229OWdEwYHX20,-1,A3K7E8VMPN01DT,https://investing-lf.herokuapp.com/login,-2,A3K7E8VMPN01DT
24/9/2019 21:45,24/9/2019 21:46,0,100,45,1,24/9/2019 21:46,R_2y8yhpiReOxfsBd,1,A3A8P4UR9A0DWQ,https://investing-lf.herokuapp.com/login,-2,A3A8P4UR9A0DWQ
24/9/2019 21:43,24/9/2019 21:46,0,100,179,1,24/9/2019 21:46,R_3kvOtUVp1bxbdoi,-1,AQXRHIMQ7UK7O,https://investing-lf.herokuapp.com/login,-2,AQXRHIMQ7UK7O
24/9/2019 21:40,24/9/2019 21:46,0,100,366,1,24/9/2019 21:46,R_1GyrRUNGaNfSHJl,-2,A2SKXKH9YXZYRI,https://investing-lf.herokuapp.com/login,-2,A2SKXKH9YXZYRI
24/9/2019 21:46,24/9/2019 21:46,0,100,9,1,24/9/2019 21:46,R_XzEmjdhSIzuJxMB,2,A3DUPRZSMU9W5R,https://investing-lf.herokuapp.com/login,0,A3DUPRZSMU9W5R
24/9/2019 21:45,24/9/2019 21:46,0,100,66,1,24/9/2019 21:46,R_2YAgleK1KVZCmTt,0,A3LHFFOBW2QWWE,https://investing-lf.herokuapp.com/login,-2,A3LHFFOBW2QWWE
24/9/2019 21:46,24/9/2019 21:46,8,100,8,1,24/9/2019 21:46,R_2BgMdxGT4cnDJFP,3,AQ2Z8GSCNU8H6,https://investing-lf.herokuapp.com/login,-2,AQ2Z8GSCNU8H6
24/9/2019 21:46,24/9/2019 21:46,8,100,6,1,24/9/2019 21:46,R_80sTglXinBCB0xb,2,A4J4GGMKJ68L0,https://investing-lf.herokuapp.com/login,-2,A4J4GGMKJ68L0
24/9/2019 21:46,24/9/2019 21:46,8,100,19,1,24/9/2019 21:46,R_3JKjehIgsacNvtf,0,A1S1O9ZCONEGE3,https://investing-lf.herokuapp.com/login,2,A1S1O9ZCONEGE3
24/9/2019 21:40,24/9/2019 21:46,0,100,333,1,24/9/2019 21:46,R_3FVwfK9oUfHekhT,0,AA4O2W236E3FW,https://investing-lf.herokuapp.com/login,-2,AA4O2W236E3FW
24/9/2019 21:46,24/9/2019 21:46,8,100,14,1,24/9/2019 21:46,R_3hfsbQXGzaKhBW1,-1,AQ9Y6WD8O72ZC,https://investing-lf.herokuapp.com/login,0,AQ9Y6WD8O72ZC
24/9/2019 21:45,24/9/2019 21:46,0,100,68,1,24/9/2019 21:46,R_7PbM3F755D15x0l,-1,A2C73Y1COWCA51,https://investing-lf.herokuapp.com/login,0,A2C73Y1COWCA51
24/9/2019 21:45,24/9/2019 21:46,0,100,63,1,24/9/2019 21:46,R_OCKjVhptIaf5MYh,-1,AN3F3H70WHNAM,https://investing-lf.herokuapp.com/login,2,AN3F3H70WHNAM
24/9/2019 21:46,24/9/2019 21:46,0,100,37,1,24/9/2019 21:46,R_3F2jUb0TxQvVqtD,-2,A3O1I9MATO3ZZN,https://investing-lf.herokuapp.com/login,-2,A3O1I9MATO3ZZN
24/9/2019 21:44,24/9/2019 21:46,0,100,107,1,24/9/2019 21:46,R_BWbkkAHP7IngePv,-1,A2Y2YQU4CFG53R,https://investing-lf.herokuapp.com/login,-2,A2Y2YQU4CFG53R
24/9/2019 21:45,24/9/2019 21:46,0,100,57,1,24/9/2019 21:46,R_6XB8r0KJQBUzmw1,-1,AA9SBG7LNCG8Q,https://investing-lf.herokuapp.com/login,2,AA9SBG7LNCG8Q
24/9/2019 21:46,24/9/2019 21:46,8,100,37,1,24/9/2019 21:46,R_216P4LAYXnonm1X,2,A4J4GGMKJ68L0,https://investing-lf.herokuapp.com/login,-2,A4J4GGMKJ68L0
24/9/2019 21:45,24/9/2019 21:46,0,100,71,1,24/9/2019 21:46,R_0BPItw6rqbauoUx,-1,A3S5M6R3ZR6ECN,https://investing-lf.herokuapp.com/login,2,A3S5M6R3ZR6ECN
24/9/2019 21:46,24/9/2019 21:46,0,100,36,1,24/9/2019 21:46,R_1rkK0hpszMnxUS2,0,A23Q978GYHTPD3,https://investing-lf.herokuapp.com/login,2,A23Q978GYHTPD3
24/9/2019 21:46,24/9/2019 21:46,0,100,48,1,24/9/2019 21:46,R_PGUdUtKXc22hEAN,-2,A38RNGF4CCP1XI,https://investing-lf.herokuapp.com/login,0,A38RNGF4CCP1XI
24/9/2019 21:46,24/9/2019 21:47,0,100,51,1,24/9/2019 21:47,R_DB1Lz0Ci9aIp8WZ,1,A3M88KA3AW07B3,https://investing-lf.herokuapp.com/login,0,A3M88KA3AW07B3
24/9/2019 21:45,24/9/2019 21:47,0,100,94,1,24/9/2019 21:47,R_SVpKRS957RXnJNT,-1,A1KWIJXTC47YWE,https://investing-lf.herokuapp.com/login,0,A1KWIJXTC47YWE
24/9/2019 21:45,24/9/2019 21:47,0,100,103,1,24/9/2019 21:47,R_27fXnLEeMkxdEdM,2,A2AH0FADJ9PCE5,https://investing-lf.herokuapp.com/login,-2,A2AH0FADJ9PCE5
24/9/2019 21:44,24/9/2019 21:47,0,100,200,1,24/9/2019 21:47,R_eSfm1VK9A6spKc9,-2,A2DHKTD1GSBXR2,https://investing-lf.herokuapp.com/login,0,A2DHKTD1GSBXR2
24/9/2019 21:42,24/9/2019 21:47,0,100,283,1,24/9/2019 21:47,R_26lHKGcENzPLdGu,-1,A2CHDWKAYZ3P3E,https://investing-lf.herokuapp.com/login,2,A2CHDWKAYZ3P3E
24/9/2019 21:45,24/9/2019 21:47,0,100,146,1,24/9/2019 21:47,R_2flhKqZzwTMcOGA,-3,A19P7S5OYZS61Z,https://investing-lf.herokuapp.com/login,-2,A19P7S5OYZS61Z
24/9/2019 21:46,24/9/2019 21:47,0,100,41,1,24/9/2019 21:47,R_1DuOACIkh6iZQSD,-3,A1D9ZWU1M46SAF,https://investing-lf.herokuapp.com/login,2,A1D9ZWU1M46SAF
24/9/2019 21:47,24/9/2019 21:47,0,100,27,1,24/9/2019 21:47,R_12EX6SU1CVfgHqw,-2,AJTLLYV8O5FQU,https://investing-lf.herokuapp.com/login,0,AJTLLYV8O5FQU
24/9/2019 21:46,24/9/2019 21:47,0,100,57,1,24/9/2019 21:47,R_2RacFx6cR9eTy0c,0,A2ZQCHONMAJZF,https://investing-lf.herokuapp.com/login,2,A2ZQCHONMAJZF
24/9/2019 21:47,24/9/2019 21:47,8,100,24,1,24/9/2019 21:47,R_bPeLNCM0wzD4fpD,1,A3MD3CC58W6WWQ,https://investing-lf.herokuapp.com/login,0,A3MD3CC58W6WWQ
24/9/2019 21:47,24/9/2019 21:47,0,100,34,1,24/9/2019 21:47,R_BPKsuwAWPWKr33j,-2,A3I4PK485Z5QP9,https://investing-lf.herokuapp.com/login,2,A3I4PK485Z5QP9
24/9/2019 21:47,24/9/2019 21:48,8,100,10,1,24/9/2019 21:48,R_YPjmJDJTXJYiO3f,0,A2ZQCHONMAJZF,https://investing-lf.herokuapp.com/login,-2,A2ZQCHONMAJZF
24/9/2019 21:47,24/9/2019 21:48,0,100,55,1,24/9/2019 21:48,R_RUoHfuZMNKgkc5r,-2,A30RAYNDOWQ61S,https://investing-lf.herokuapp.com/login,2,A30RAYNDOWQ61S
24/9/2019 21:43,24/9/2019 21:48,0,100,249,1,24/9/2019 21:48,R_2Xp4DwSOQKT3vXY,-1,ADD4FGB00XQ5H,https://investing-lf.herokuapp.com/login,2,ADD4FGB00XQ5H
24/9/2019 21:47,24/9/2019 21:48,0,100,48,1,24/9/2019 21:48,R_WqUjnw9fjNoiZGN,-1,A1DMXEJGJY02E1,https://investing-lf.herokuapp.com/login,-2,A1DMXEJGJY02E1
24/9/2019 21:48,24/9/2019 21:48,8,100,7,1,24/9/2019 21:48,R_eG83YkPg3VyR4C5,3,AQ2Z8GSCNU8H6,https://investing-lf.herokuapp.com/login,0,AQ2Z8GSCNU8H6
24/9/2019 21:47,24/9/2019 21:48,0,100,33,1,24/9/2019 21:48,R_1jPpVPDofKBeFg4,1,AJ9W5GNM3SB2Q,https://investing-lf.herokuapp.com/login,2,AJ9W5GNM3SB2Q
24/9/2019 21:47,24/9/2019 21:48,0,100,44,1,24/9/2019 21:48,R_2VBY3cQebwVy8hs,-1,A3NIDW2M0PKBYC,https://investing-lf.herokuapp.com/login,-2,A3NIDW2M0PKBYC
24/9/2019 21:48,24/9/2019 21:48,8,100,6,1,24/9/2019 21:48,R_XvTwxhP2CcQW4oh,3,AQ2Z8GSCNU8H6,https://investing-lf.herokuapp.com/login,0,AQ2Z8GSCNU8H6
24/9/2019 21:46,24/9/2019 21:48,0,100,142,1,24/9/2019 21:48,R_1pWMf93UdfVAJGr,2,A2G97RZRNF3LU6,https://investing-lf.herokuapp.com/login,2,A2G97RZRNF3LU6
24/9/2019 21:43,24/9/2019 21:48,0,100,289,1,24/9/2019 21:48,R_0kMIYFddRXzFGPn,-1,A222R4PNCF08OF,https://investing-lf.herokuapp.com/login,2,A222R4PNCF08OF
24/9/2019 21:46,24/9/2019 21:48,0,100,107,1,24/9/2019 21:48,R_aWVToCODlGjZplv,-1,A1CY7IOJ9YH136,https://investing-lf.herokuapp.com/login,0,A1CY7IOJ9YH136
24/9/2019 21:48,24/9/2019 21:48,0,100,33,1,24/9/2019 21:48,R_1k18hcXgqZ14jYv,1,A17OINLIDZ0C14,https://investing-lf.herokuapp.com/login,2,A17OINLIDZ0C14
24/9/2019 21:47,24/9/2019 21:48,0,100,49,1,24/9/2019 21:48,R_2wtLzpnKIPib5bx,2,A3MHKFOJIXO7QN,https://investing-lf.herokuapp.com/login,-2,A3MHKFOJIXO7QN
24/9/2019 21:47,24/9/2019 21:48,0,100,90,1,24/9/2019 21:48,R_ea501SbHQJdGVtn,-1,A3822BB341LIB2,https://investing-lf.herokuapp.com/login,0,A3822BB341LIB2
24/9/2019 21:48,24/9/2019 21:49,0,100,9,1,24/9/2019 21:49,R_1f7uLHbtVQRmDdO,2,A2CTA782EBXUCT,https://investing-lf.herokuapp.com/login,2,A2CTA782EBXUCT
24/9/2019 21:48,24/9/2019 21:49,0,100,23,1,24/9/2019 21:49,R_27mwy4P3nEBIlaK,-3,A1P6OXEJ86HQRM,https://investing-lf.herokuapp.com/login,0,A1P6OXEJ86HQRM
24/9/2019 21:46,24/9/2019 21:49,0,100,134,1,24/9/2019 21:49,R_2aXpjl1yCP3RrUv,1,A3LT7W355XOAKF,https://investing-lf.herokuapp.com/login,-2,A3LT7W355XOAKF
24/9/2019 21:48,24/9/2019 21:49,8,100,9,1,24/9/2019 21:49,R_1Id6NievvOXKoDk,2,A3DUPRZSMU9W5R,https://investing-lf.herokuapp.com/login,2,A3DUPRZSMU9W5R
24/9/2019 21:46,24/9/2019 21:49,0,100,181,1,24/9/2019 21:49,R_3L7OvPkZTOOHFl7,-1,A3NM3GAVMJEI3J,https://investing-lf.herokuapp.com/login,0,A3NM3GAVMJEI3J
24/9/2019 21:49,24/9/2019 21:49,0,100,10,1,24/9/2019 21:49,R_aXcjEQB6OyQIWXf,1,A2JZUSRBP6H5S,https://investing-lf.herokuapp.com/login,2,A2JZUSRBP6H5S
24/9/2019 21:49,24/9/2019 21:49,8,100,6,1,24/9/2019 21:49,R_3J33HBffxPnA2Ap,0,A1S1O9ZCONEGE3,https://investing-lf.herokuapp.com/login,0,A1S1O9ZCONEGE3
24/9/2019 21:40,24/9/2019 21:49,0,100,550,1,24/9/2019 21:49,R_3hAbp0rB6uvzJzP,-1,A1K4KR1GQYCIWA,https://investing-lf.herokuapp.com/login,-2,A1K4KR1GQYCIWA
24/9/2019 21:49,24/9/2019 21:49,8,100,10,1,24/9/2019 21:49,R_821BmbYRLFfNuGR,-1,A3822BB341LIB2,https://investing-lf.herokuapp.com/login,0,A3822BB341LIB2
24/9/2019 21:44,24/9/2019 21:49,0,100,263,1,24/9/2019 21:49,R_1FbKWtzDb68mdys,1,A3JW215NW77ZTU,https://investing-lf.herokuapp.com/login,2,A3JW215NW77ZTU
24/9/2019 21:46,24/9/2019 21:49,0,100,154,1,24/9/2019 21:49,R_2Y5NSH52pgZ5PDO,-1,A3GEHH49HNJM57,https://investing-lf.herokuapp.com/login,-2,A3GEHH49HNJM57
24/9/2019 21:48,24/9/2019 21:49,0,100,64,1,24/9/2019 21:49,R_eJQjD30J5n9VZnP,2,A15FXHC1CVNW31,https://investing-lf.herokuapp.com/login,0,A15FXHC1CVNW31
24/9/2019 21:47,24/9/2019 21:49,0,100,101,1,24/9/2019 21:49,R_2TzMwoSy2DMu4q1,-1,A1DXH9HLH4NXSX,https://investing-lf.herokuapp.com/login,2,A1DXH9HLH4NXSX
24/9/2019 21:49,24/9/2019 21:49,8,100,6,1,24/9/2019 21:49,R_1gNkiFtJVASI72c,-1,A3822BB341LIB2,https://investing-lf.herokuapp.com/login,2,A3822BB341LIB2
24/9/2019 21:49,24/9/2019 21:49,0,100,16,1,24/9/2019 21:49,R_UsGC8im7sRVml9v,2,A2JP9IKRHNLRPI,https://investing-lf.herokuapp.com/login,-2,A2JP9IKRHNLRPI
24/9/2019 21:46,24/9/2019 21:49,0,100,180,1,24/9/2019 21:49,R_Y9LP0uYbc7K1W01,1,A36RO2EK1P2G3W,https://investing-lf.herokuapp.com/login,2,A36RO2EK1P2G3W
24/9/2019 21:48,24/9/2019 21:49,0,100,51,1,24/9/2019 21:49,R_vlviOK9vuFIPLnb,-2,A1YX4D517MM5M3,https://investing-lf.herokuapp.com/login,2,A1YX4D517MM5M3
24/9/2019 21:49,24/9/2019 21:49,8,100,15,1,24/9/2019 21:49,R_3GBUjMFZ24voWGV,2,A2JZUSRBP6H5S,https://investing-lf.herokuapp.com/login,-2,A2JZUSRBP6H5S
24/9/2019 21:47,24/9/2019 21:49,0,100,124,1,24/9/2019 21:49,R_3PsNZEUn3gIvHZf,-1,A6WYBPPG8Y2Q4,https://investing-lf.herokuapp.com/login,0,A6WYBPPG8Y2Q4
24/9/2019 21:48,24/9/2019 21:49,0,100,72,1,24/9/2019 21:49,R_1dnxCSZf5Y1WSVh,-2,ANJJQV9EY4QQ4,https://investing-lf.herokuapp.com/login,2,ANJJQV9EY4QQ4
24/9/2019 21:48,24/9/2019 21:49,0,100,51,1,24/9/2019 21:49,R_2DZSJcQOQe1AkaG,1,AS4E902OXUO5Z,https://investing-lf.herokuapp.com/login,0,AS4E902OXUO5Z
24/9/2019 21:48,24/9/2019 21:49,0,100,57,1,24/9/2019 21:49,R_1QF3GK1QzG8o8IT,-2,A3BZVFD82AVLT8,https://investing-lf.herokuapp.com/login,-2,A3BZVFD82AVLT8
24/9/2019 21:47,24/9/2019 21:49,0,100,121,1,24/9/2019 21:49,R_tGMth7Ew40OAbdf,2,AAASQIW3J32OL,https://investing-lf.herokuapp.com/login,-2,AAASQIW3J32OL
24/9/2019 21:49,24/9/2019 21:49,8,100,24,1,24/9/2019 21:49,R_3foAGJBJsfSQTW8,-2,AJTLLYV8O5FQU,https://investing-lf.herokuapp.com/login,-2,AJTLLYV8O5FQU
24/9/2019 21:49,24/9/2019 21:50,0,100,22,1,24/9/2019 21:50,R_2q7WE6L8ZEbnR7m,-1,A31681CCEVDIH3,https://investing-lf.herokuapp.com/login,0,A31681CCEVDIH3
24/9/2019 21:49,24/9/2019 21:50,0,100,39,1,24/9/2019 21:50,R_2wgJqajS6b6B0zq,-1,A3D3NEQ158WUB0,https://investing-lf.herokuapp.com/login,2,A3D3NEQ158WUB0
24/9/2019 21:49,24/9/2019 21:50,0,100,47,1,24/9/2019 21:50,R_1FPVTbi0LFQFmI2,-2,A3NI1W4JCNFBJ7,https://investing-lf.herokuapp.com/login,2,A3NI1W4JCNFBJ7
24/9/2019 21:48,24/9/2019 21:50,0,100,97,1,24/9/2019 21:50,R_rpaO2kV7jM62UF3,-1,A20MOTHAE8JNVU,https://investing-lf.herokuapp.com/login,0,A20MOTHAE8JNVU
24/9/2019 21:49,24/9/2019 21:50,0,100,63,1,24/9/2019 21:50,R_1kSIV6dOpDqO4J2,-3,AM2KK02JXXW48,https://investing-lf.herokuapp.com/login,0,AM2KK02JXXW48
24/9/2019 21:49,24/9/2019 21:50,0,100,32,1,24/9/2019 21:50,R_3nw2CpFdsGuLgOi,0,A2MN4SACCVT29O,https://investing-lf.herokuapp.com/login,0,A2MN4SACCVT29O
24/9/2019 21:48,24/9/2019 21:50,0,100,88,1,24/9/2019 21:50,R_1IRtTOMISMlNUz0,1,A60GDFSAWSA82,https://investing-lf.herokuapp.com/login,-2,A60GDFSAWSA82
24/9/2019 21:49,24/9/2019 21:50,0,100,31,1,24/9/2019 21:50,R_ZpE7GPCevIraiPv,2,AD14EQ9O9JKRI,https://investing-lf.herokuapp.com/login,-2,AD14EQ9O9JKRI
24/9/2019 21:48,24/9/2019 21:50,8,100,103,1,24/9/2019 21:50,R_1LCHkw0p49sCYhf,3,A24B5UF6RMHYGX,https://investing-lf.herokuapp.com/login,-2,A24B5UF6RMHYGX
24/9/2019 21:49,24/9/2019 21:50,0,100,65,1,24/9/2019 21:50,R_24cIeuojKhCw5Cq,1,A29ANBEU3JKCKZ,https://investing-lf.herokuapp.com/login,-2,A29ANBEU3JKCKZ
24/9/2019 21:50,24/9/2019 21:50,8,100,8,1,24/9/2019 21:50,R_Qp3e2qnDKouVtZf,0,A1S1O9ZCONEGE3,https://investing-lf.herokuapp.com/login,0,A1S1O9ZCONEGE3
24/9/2019 21:50,24/9/2019 21:50,0,100,21,1,24/9/2019 21:50,R_9uZRhovIXyUbGJH,0,A1VR49TB3Q4BV8,https://investing-lf.herokuapp.com/login,2,A1VR49TB3Q4BV8
24/9/2019 21:50,24/9/2019 21:50,0,100,12,1,24/9/2019 21:50,R_pAhb1vamnlwzkcx,0,A16GOBHWJDPD9T,https://investing-lf.herokuapp.com/login,2,A16GOBHWJDPD9T
24/9/2019 21:50,24/9/2019 21:50,0,100,19,1,24/9/2019 21:50,R_1GPJdpCCieyt0Bf,1,AOQZ2B7YSZVQ3,https://investing-lf.herokuapp.com/login,2,AOQZ2B7YSZVQ3
24/9/2019 21:49,24/9/2019 21:50,0,100,93,1,24/9/2019 21:50,R_1jwH5S5VwZG0aBc,-1,A1B4778ETVFAL8,https://investing-lf.herokuapp.com/login,-2,A1B4778ETVFAL8
24/9/2019 21:50,24/9/2019 21:50,8,100,31,1,24/9/2019 21:50,R_3F4MkCvQdDqDKXX,-1,AJTLLYV8O5FQU,https://investing-lf.herokuapp.com/login,0,AJTLLYV8O5FQU
24/9/2019 21:49,24/9/2019 21:50,0,100,80,1,24/9/2019 21:50,R_3Oq6mzL4vUhPQJ7,-1,A10E5MI9D5XEUQ,https://investing-lf.herokuapp.com/login,2,A10E5MI9D5XEUQ
24/9/2019 21:48,24/9/2019 21:50,0,100,142,1,24/9/2019 21:50,R_1pmp14jXyG2gRrK,-2,A1F46RJTOXQM4J,https://investing-lf.herokuapp.com/login,-2,A1F46RJTOXQM4J
24/9/2019 21:50,24/9/2019 21:50,0,100,36,1,24/9/2019 21:50,R_wStwkLZ5eAM1fI5,-1,A2SO6K35NMGBB7,https://investing-lf.herokuapp.com/login,0,A2SO6K35NMGBB7
24/9/2019 21:49,24/9/2019 21:50,0,100,64,1,24/9/2019 21:50,R_VKKKmDVVdik5j21,2,A25R2OI9L2Q1OW,https://investing-lf.herokuapp.com/login,0,A25R2OI9L2Q1OW
24/9/2019 21:48,24/9/2019 21:50,0,100,172,1,24/9/2019 21:50,R_2uBQub13ZYwgLY9,-1,A2LVCS009DMEAT,https://investing-lf.herokuapp.com/login,2,A2LVCS009DMEAT
24/9/2019 21:40,24/9/2019 21:50,0,100,636,1,24/9/2019 21:50,R_1MZqxzfxkhTaIAt,-1,A2MSVKXC1F3WIU,https://investing-lf.herokuapp.com/login,2,A2MSVKXC1F3WIU
24/9/2019 21:46,24/9/2019 21:51,0,100,273,1,24/9/2019 21:51,R_1QbhJMnFRzFXdXk,-1,A120URYFNZAZYW,https://investing-lf.herokuapp.com/login,-2,A120URYFNZAZYW
24/9/2019 21:51,24/9/2019 21:51,8,100,15,1,24/9/2019 21:51,R_3hmbfRWMcAM32T1,2,A2AH0FADJ9PCE5,https://investing-lf.herokuapp.com/login,0,A2AH0FADJ9PCE5
24/9/2019 21:51,24/9/2019 21:51,8,100,7,1,24/9/2019 21:51,R_3qMJFsFbiJdCYil,2,A3MHKFOJIXO7QN,https://investing-lf.herokuapp.com/login,-2,A3MHKFOJIXO7QN
24/9/2019 21:51,24/9/2019 21:51,8,100,12,1,24/9/2019 21:51,R_2R9yRGI7R6fetmN,-1,A1SHLWKA0UH1IS,https://investing-lf.herokuapp.com/login,-2,A1SHLWKA0UH1IS
24/9/2019 21:50,24/9/2019 21:51,0,100,54,1,24/9/2019 21:51,R_3eyLQsbMfpgZyKd,1,A3SAW2M8DXGQZH,https://investing-lf.herokuapp.com/login,-2,A3SAW2M8DXGQZH
24/9/2019 21:51,24/9/2019 21:51,0,100,11,1,24/9/2019 21:51,R_3s5POusClXxEHJT,-2,A3GEHH49HNJM57,https://investing-lf.herokuapp.com/login,-2,A3GEHH49HNJM57
24/9/2019 21:51,24/9/2019 21:51,0,100,28,1,24/9/2019 21:51,R_3mjKyttRGhNSp2n,-1,A2WZ71TT9AJPV,https://investing-lf.herokuapp.com/login,2,A2WZ71TT9AJPV
24/9/2019 21:51,24/9/2019 21:52,0,100,64,1,24/9/2019 21:52,R_3hyJWOLHdjOlLe5,-2,A3S2R1NK6HZ9KP,https://investing-lf.herokuapp.com/login,-2,A3S2R1NK6HZ9KP
24/9/2019 21:52,24/9/2019 21:52,8,100,10,1,24/9/2019 21:52,R_u3uEh7l9dNcXjzj,-3,A19P7S5OYZS61Z,https://investing-lf.herokuapp.com/login,-2,A19P7S5OYZS61Z
24/9/2019 21:51,24/9/2019 21:52,0,100,69,1,24/9/2019 21:52,R_1FKW8FiExCCtIyW,0,A1TUQV9C5GN7AM,https://investing-lf.herokuapp.com/login,0,A1TUQV9C5GN7AM
24/9/2019 21:51,24/9/2019 21:52,8,100,23,1,24/9/2019 21:52,R_3EA3udTcINBhgHv,2,A2AH0FADJ9PCE5,https://investing-lf.herokuapp.com/login,2,A2AH0FADJ9PCE5
24/9/2019 21:51,24/9/2019 21:52,0,100,47,1,24/9/2019 21:52,R_1hGTLOTOra8V8UB,1,A14EYTLSMJRPUK,https://investing-lf.herokuapp.com/login,0,A14EYTLSMJRPUK
24/9/2019 21:52,24/9/2019 21:52,8,100,13,1,24/9/2019 21:52,R_1M5MqaGmnIr91Sk,1,A29ANBEU3JKCKZ,https://investing-lf.herokuapp.com/login,0,A29ANBEU3JKCKZ
24/9/2019 21:52,24/9/2019 21:52,0,100,7,1,24/9/2019 21:52,R_3yB2Q3wMWWZMlqN,0,A19P7S5OYZS61Z,https://investing-lf.herokuapp.com/login,-2,A19P7S5OYZS61Z
24/9/2019 21:51,24/9/2019 21:52,0,100,52,1,24/9/2019 21:52,R_3kI23hJyg04vs7M,-1,A2CJYS92WX7HN6,https://investing-lf.herokuapp.com/login,0,A2CJYS92WX7HN6
24/9/2019 21:49,24/9/2019 21:52,0,100,172,1,24/9/2019 21:52,R_3jZjGoPFeui1CXm,0,AZ69TBTDH7AZS,https://investing-lf.herokuapp.com/login,2,AZ69TBTDH7AZS
24/9/2019 21:51,24/9/2019 21:53,0,100,62,1,24/9/2019 21:53,R_qQOYlj4p1RSaKqJ,-2,A20MUNY2OLDCLC,https://investing-lf.herokuapp.com/login,-2,A20MUNY2OLDCLC
24/9/2019 21:52,24/9/2019 21:53,0,100,63,1,24/9/2019 21:53,R_1FeJ9lbJX6x3HdL,-2,A3V9JFVZQ2XF4Y,https://investing-lf.herokuapp.com/login,0,A3V9JFVZQ2XF4Y
24/9/2019 21:53,24/9/2019 21:53,8,100,14,1,24/9/2019 21:53,R_2OMy4bD2oP6Hvy0,1,A29ANBEU3JKCKZ,https://investing-lf.herokuapp.com/login,0,A29ANBEU3JKCKZ
24/9/2019 21:44,24/9/2019 21:53,0,100,519,1,24/9/2019 21:53,R_3I0LJVWh4oeZPxu,0,A1VR1XQEQQXYUE,https://investing-lf.herokuapp.com/login,2,A1VR1XQEQQXYUE
24/9/2019 21:53,24/9/2019 21:53,8,100,9,1,24/9/2019 21:53,R_1GKv9qNSZKcB6x9,-1,A1SHLWKA0UH1IS,https://investing-lf.herokuapp.com/login,-2,A1SHLWKA0UH1IS
24/9/2019 21:53,24/9/2019 21:53,0,100,20,1,24/9/2019 21:53,R_1gG6MzsYVEDltPL,1,ASAAL9165IX44,https://investing-lf.herokuapp.com/login,2,ASAAL9165IX44
24/9/2019 21:52,24/9/2019 21:53,0,100,55,1,24/9/2019 21:53,R_PClJ6kBsIfxLwd3,1,A3J84UA7THFJGI,https://investing-lf.herokuapp.com/login,-2,A3J84UA7THFJGI
24/9/2019 21:50,24/9/2019 21:53,0,100,206,1,24/9/2019 21:53,R_3h3AUXkEg6bws1B,2,A2DNLHS1RSTF5R,https://investing-lf.herokuapp.com/login,-2,A2DNLHS1RSTF5R
24/9/2019 21:53,24/9/2019 21:53,8,100,13,1,24/9/2019 21:53,R_3x8ueeB8m4WbI9X,-1,A3822BB341LIB2,https://investing-lf.herokuapp.com/login,-2,A3822BB341LIB2
24/9/2019 21:51,24/9/2019 21:53,0,100,149,1,24/9/2019 21:53,R_2fjMqULXw2Y4wwv,2,A37CNLYELZKAJ0,https://investing-lf.herokuapp.com/login,0,A37CNLYELZKAJ0
24/9/2019 21:52,24/9/2019 21:53,0,100,73,1,24/9/2019 21:53,R_29047uomC4EdlnV,2,ACVJ6IUO9QM4R,https://investing-lf.herokuapp.com/login,2,ACVJ6IUO9QM4R
24/9/2019 21:49,24/9/2019 21:53,0,100,292,1,24/9/2019 21:53,R_Z4ObDcXJPzYttKh,0,A2FOUSWQDYHIE0,https://investing-lf.herokuapp.com/login,2,A2FOUSWQDYHIE0
24/9/2019 21:50,24/9/2019 21:53,0,100,232,1,24/9/2019 21:53,R_27PWejnS5bXPeTo,-2,AFCMHQWCV6N02,https://investing-lf.herokuapp.com/login,2,AFCMHQWCV6N02
24/9/2019 21:53,24/9/2019 21:53,0,100,21,1,24/9/2019 21:53,R_3jceBv8DxZY5hqF,1,A320QA9HJFUOZO,https://investing-lf.herokuapp.com/login,0,A320QA9HJFUOZO
24/9/2019 21:54,24/9/2019 21:54,8,100,10,1,24/9/2019 21:54,R_2c6BYGdZICV7Zzs,-1,A3822BB341LIB2,https://investing-lf.herokuapp.com/login,-2,A3822BB341LIB2
24/9/2019 21:49,24/9/2019 21:54,8,100,255,1,24/9/2019 21:54,R_3JkqCybXea5pCuj,0,AWXIEV9H6KT9E,https://investing-lf.herokuapp.com/login,-2,AWXIEV9H6KT9E
24/9/2019 21:52,24/9/2019 21:54,0,100,112,1,24/9/2019 21:54,R_2c2EJB592FpswzF,-2,AWTGJ45ZWUCHH,https://investing-lf.herokuapp.com/login,2,AWTGJ45ZWUCHH
24/9/2019 21:54,24/9/2019 21:54,8,100,7,1,24/9/2019 21:54,R_2YWz5QUidBsXFGx,-1,NA,https://investing-lf.herokuapp.com/login,0,NA
24/9/2019 21:52,24/9/2019 21:54,0,100,155,1,24/9/2019 21:54,R_1HLT26Pmelj1pAZ,-2,AURYD2FH3FUOQ,https://investing-lf.herokuapp.com/login,2,AURYD2FH3FUOQ
24/9/2019 21:50,24/9/2019 21:54,0,100,269,1,24/9/2019 21:54,R_3O02b9WlrmTbCiL,-1,AFIRH8MV85A4D,https://investing-lf.herokuapp.com/login,2,AFIRH8MV85A4D
24/9/2019 21:54,24/9/2019 21:54,8,100,21,1,24/9/2019 21:54,R_3khbgLQBNMVZ3Qa,-2,A2ZBDSR2LZNVAE,https://investing-lf.herokuapp.com/login,2,A2ZBDSR2LZNVAE
24/9/2019 21:54,24/9/2019 21:55,0,100,60,1,24/9/2019 21:55,R_1jVBkhq0wEtBzJS,2,A1NZFJHVJ9CNTO,https://investing-lf.herokuapp.com/login,-2,A1NZFJHVJ9CNTO
24/9/2019 21:54,24/9/2019 21:55,0,100,48,1,24/9/2019 21:55,R_3QXVcFaanFreVJW,-1,ANCCKNF1DKRZO,https://investing-lf.herokuapp.com/login,0,ANCCKNF1DKRZO
24/9/2019 21:54,24/9/2019 21:55,0,100,35,1,24/9/2019 21:55,R_2EB2TapqkbkLcFA,2,A27V516DIK3SFW,https://investing-lf.herokuapp.com/login,0,A27V516DIK3SFW
24/9/2019 21:55,24/9/2019 21:55,8,100,8,1,24/9/2019 21:55,R_BR1c424BdhoOoPn,1,ASAAL9165IX44,https://investing-lf.herokuapp.com/login,2,ASAAL9165IX44
24/9/2019 21:54,24/9/2019 21:55,0,100,79,1,24/9/2019 21:55,R_3g7yUAtfZoYjq9I,-1,AMV1E7FFPVAW4,https://investing-lf.herokuapp.com/login,2,AMV1E7FFPVAW4
24/9/2019 21:54,24/9/2019 21:55,0,100,52,1,24/9/2019 21:55,R_1LbZJr757xFGOnX,-1,A2KBTDHM44J7X4,https://investing-lf.herokuapp.com/login,-2,A2KBTDHM44J7X4
24/9/2019 21:55,24/9/2019 21:55,0,100,26,1,24/9/2019 21:55,R_2xAfbNZZ3onFOaL,-2,AEF74ZYJTTEIA,https://investing-lf.herokuapp.com/login,2,AEF74ZYJTTEIA
24/9/2019 21:54,24/9/2019 21:55,0,100,91,1,24/9/2019 21:55,R_3smIVFCMmqvipk8,-2,A2OW2CIT4H7364,https://investing-lf.herokuapp.com/login,0,A2OW2CIT4H7364
24/9/2019 21:44,24/9/2019 21:55,0,100,701,1,24/9/2019 21:55,R_3IT7njxh5EoY5v7,-1,A2RK260P2QPKV4,https://investing-lf.herokuapp.com/login,-2,A2RK260P2QPKV4
24/9/2019 21:45,24/9/2019 21:56,0,100,644,1,24/9/2019 21:56,R_27fBoGaQOYql3DZ,-1,A3C2X1L5PVNNLV,https://investing-lf.herokuapp.com/login,2,A3C2X1L5PVNNLV
24/9/2019 21:55,24/9/2019 21:56,0,100,31,1,24/9/2019 21:56,R_OBWTCzoFydvIW6l,-2,A3MYTEE8WSEQ2Z,https://investing-lf.herokuapp.com/login,-2,A3MYTEE8WSEQ2Z
24/9/2019 21:51,24/9/2019 21:56,0,100,313,1,24/9/2019 21:56,R_3kL1jDwioWjt7KF,-2,A3QUAM5Y482D4U,https://investing-lf.herokuapp.com/login,2,A3QUAM5Y482D4U
24/9/2019 21:44,24/9/2019 21:56,0,100,707,1,24/9/2019 21:56,R_cYpBlW9HiP6c5zP,2,AMONQ9MU8EJ2,https://investing-lf.herokuapp.com/login,-2,AMONQ9MU8EJ2
24/9/2019 21:50,24/9/2019 21:56,0,100,380,1,24/9/2019 21:56,R_3QXaajis5GFVzbE,-2,A3JZLYQ606HJJR,https://investing-lf.herokuapp.com/login,-2,A3JZLYQ606HJJR
24/9/2019 21:56,24/9/2019 21:56,8,100,19,1,24/9/2019 21:56,R_eeOW6y84NDomA2B,-2,A3QUAM5Y482D4U,https://investing-lf.herokuapp.com/login,-2,A3QUAM5Y482D4U
24/9/2019 21:56,24/9/2019 21:56,0,100,43,1,24/9/2019 21:56,R_3RgfawJzABY6rzr,-3,AYPOAY43REHC8,https://investing-lf.herokuapp.com/login,0,AYPOAY43REHC8
24/9/2019 21:55,24/9/2019 21:57,0,100,78,1,24/9/2019 21:57,R_2VQmQHYQEzEDoxi,-1,A3GVUYY3TWRPZT,https://investing-lf.herokuapp.com/login,0,A3GVUYY3TWRPZT
24/9/2019 21:53,24/9/2019 21:57,0,100,203,1,24/9/2019 21:57,R_3CHOvVvIUgmL9Bk,1,A18G2CLYSTENK,https://investing-lf.herokuapp.com/login,2,A18G2CLYSTENK
24/9/2019 21:56,24/9/2019 21:57,8,100,17,1,24/9/2019 21:57,R_3pr619uD3xcEI53,2,A1NZFJHVJ9CNTO,https://investing-lf.herokuapp.com/login,2,A1NZFJHVJ9CNTO
24/9/2019 21:44,24/9/2019 21:57,0,100,772,1,24/9/2019 21:57,R_A07lJSVWGsIRso9,2,A11Q8U6QTT8KGF,https://investing-lf.herokuapp.com/login,0,A11Q8U6QTT8KGF
24/9/2019 21:57,24/9/2019 21:57,8,100,13,1,24/9/2019 21:57,R_1NzF3NOn99ADBKF,-3,AYPOAY43REHC8,https://investing-lf.herokuapp.com/login,-2,AYPOAY43REHC8
24/9/2019 21:57,24/9/2019 21:57,8,100,8,1,24/9/2019 21:57,R_8CxGTEFhwl8UCpr,2,A1NZFJHVJ9CNTO,https://investing-lf.herokuapp.com/login,0,A1NZFJHVJ9CNTO
24/9/2019 21:57,24/9/2019 21:57,0,100,17,1,24/9/2019 21:57,R_z0uS8ZRupriWpUZ,-1,A8RDXT4ZILHQT,https://investing-lf.herokuapp.com/login,-2,A8RDXT4ZILHQT
24/9/2019 21:56,24/9/2019 21:58,0,100,115,1,24/9/2019 21:58,R_2DTfYcSRVPz0lax,0,AEPITKAWZ6FCT,https://investing-lf.herokuapp.com/login,0,AEPITKAWZ6FCT
24/9/2019 21:56,24/9/2019 21:58,8,100,67,1,24/9/2019 21:58,R_3J2FVA6IAHGjSKU,1,A3LT7W355XOAKF,https://investing-lf.herokuapp.com/login,0,A3LT7W355XOAKF
24/9/2019 21:57,24/9/2019 21:58,8,100,10,1,24/9/2019 21:58,R_1JVMsapaLLbLAwx,-3,AYPOAY43REHC8,https://investing-lf.herokuapp.com/login,0,AYPOAY43REHC8
24/9/2019 21:58,24/9/2019 21:58,8,100,8,1,24/9/2019 21:58,R_7QW9RJzcsvEGzap,-3,AYPOAY43REHC8,https://investing-lf.herokuapp.com/login,-2,AYPOAY43REHC8
24/9/2019 21:55,24/9/2019 21:58,0,100,151,1,24/9/2019 21:58,R_10MpgEwjpguGl1Y,3,A1GZNVVE3PMM7Y,https://investing-lf.herokuapp.com/login,-2,A1GZNVVE3PMM7Y
24/9/2019 21:58,24/9/2019 21:58,8,100,8,1,24/9/2019 21:58,R_2CZFNtnOj3SpOMp,-3,AYPOAY43REHC8,https://investing-lf.herokuapp.com/login,-2,AYPOAY43REHC8
24/9/2019 21:56,24/9/2019 21:58,0,100,120,1,24/9/2019 21:58,R_2VOVlXcxgGTaoSo,-1,A1MFQBQRNANOD6,https://investing-lf.herokuapp.com/login,2,A1MFQBQRNANOD6
24/9/2019 21:57,24/9/2019 21:58,0,100,57,1,24/9/2019 21:58,R_PILcYJomzFuFlMR,1,A3UDUHUVFKD833,https://investing-lf.herokuapp.com/login,2,A3UDUHUVFKD833
24/9/2019 21:56,24/9/2019 21:58,0,100,113,1,24/9/2019 21:58,R_2SpqvhEu6OtSlzG,-1,AKW57KYG90X61,https://investing-lf.herokuapp.com/login,-2,AKW57KYG90X61
24/9/2019 21:58,24/9/2019 21:58,8,100,9,1,24/9/2019 21:58,R_3fq0DTduzIGvTbr,-2,A3MYTEE8WSEQ2Z,https://investing-lf.herokuapp.com/login,0,A3MYTEE8WSEQ2Z
24/9/2019 21:48,24/9/2019 21:59,0,100,638,1,24/9/2019 21:59,R_wT2OvCcQVmJRFxn,3,A1X84T4EFW04GZ,https://investing-lf.herokuapp.com/login,2,A1X84T4EFW04GZ
24/9/2019 21:45,24/9/2019 21:59,0,100,824,1,24/9/2019 21:59,R_2TBLqaVuxfswOGP,2,A1MSEG3R7FFT6,https://investing-lf.herokuapp.com/login,-2,A1MSEG3R7FFT6
24/9/2019 21:58,24/9/2019 21:59,0,100,30,1,24/9/2019 21:59,R_3NKctZXlxgJqhnc,-1,A3FYWUZK52IC2J,https://investing-lf.herokuapp.com/login,2,A3FYWUZK52IC2J
24/9/2019 21:59,24/9/2019 21:59,8,100,28,1,24/9/2019 21:59,R_3PzNlXmef7EEiU5,2,AMONQ9MU8EJ2,https://investing-lf.herokuapp.com/login,0,AMONQ9MU8EJ2
24/9/2019 21:58,24/9/2019 21:59,0,100,67,1,24/9/2019 21:59,R_28AtJqOkMPxk56Y,-1,A2TGRGIEIE5FAL,https://investing-lf.herokuapp.com/login,2,A2TGRGIEIE5FAL
24/9/2019 22:00,24/9/2019 22:00,8,100,30,1,24/9/2019 22:00,R_1poJK5KT5yMfj2Z,2,AMONQ9MU8EJ2,https://investing-lf.herokuapp.com/login,-2,AMONQ9MU8EJ2
24/9/2019 22:00,24/9/2019 22:01,0,100,44,1,24/9/2019 22:01,R_2zACoxy2cZA3XSi,0,AUR5KDE75HSZ9,https://investing-lf.herokuapp.com/login,2,AUR5KDE75HSZ9
24/9/2019 22:01,24/9/2019 22:02,0,100,31,1,24/9/2019 22:02,R_2QyxOFP7nUAMzh0,1,A2RVDEU138ZF9P,https://investing-lf.herokuapp.com/login,-2,A2RVDEU138ZF9P
24/9/2019 22:01,24/9/2019 22:02,0,100,47,1,24/9/2019 22:02,R_07Z1J1QiuVgrPkR,2,ALHS0TDN03O9K,https://investing-lf.herokuapp.com/login,0,ALHS0TDN03O9K
24/9/2019 22:02,24/9/2019 22:02,0,100,27,1,24/9/2019 22:02,R_2CIj47x1Xaxtlwk,1,AXQKGVWRFYMM,https://investing-lf.herokuapp.com/login,2,AXQKGVWRFYMM
24/9/2019 21:55,24/9/2019 22:02,0,100,462,1,24/9/2019 22:02,R_2rgtIvt3ZBWNK5X,1,AUFUUD4WG9CVO,https://investing-lf.herokuapp.com/login,2,AUFUUD4WG9CVO
24/9/2019 22:02,24/9/2019 22:03,0,100,29,1,24/9/2019 22:03,R_28TgF6XvJLeEepm,-1,A27PINUYH0XHRB,https://investing-lf.herokuapp.com/login,0,A27PINUYH0XHRB
24/9/2019 22:03,24/9/2019 22:03,8,100,9,1,24/9/2019 22:03,R_3mknUWqDy4MHSYy,1,A2RVDEU138ZF9P,https://investing-lf.herokuapp.com/login,-2,A2RVDEU138ZF9P
24/9/2019 21:39,24/9/2019 22:03,0,100,1443,1,24/9/2019 22:03,R_1oHoCk2YJY8zg5B,1,A267GLM78AMQ75,https://investing-lf.herokuapp.com/login,-2,A267GLM78AMQ75
24/9/2019 22:03,24/9/2019 22:04,0,100,72,1,24/9/2019 22:04,R_2VQ244r3Q98EWuw,-1,A9R6JERXUUK6V,https://investing-lf.herokuapp.com/login,2,A9R6JERXUUK6V
24/9/2019 22:03,24/9/2019 22:04,0,100,64,1,24/9/2019 22:04,R_bwoAiJFLeU4JT6V,-2,A1UGFNSA16TKA0,https://investing-lf.herokuapp.com/login,-2,A1UGFNSA16TKA0
24/9/2019 22:04,24/9/2019 22:05,0,100,65,1,24/9/2019 22:05,R_2rZWmqrRt6q2R04,1,A1FNNL4YJGBU8U,https://investing-lf.herokuapp.com/login,2,A1FNNL4YJGBU8U
24/9/2019 22:05,24/9/2019 22:05,0,100,12,1,24/9/2019 22:05,R_2AFgrPtm81M52Mx,2,A3I1W58P6SIV26,https://investing-lf.herokuapp.com/login,-2,A3I1W58P6SIV26
24/9/2019 22:04,24/9/2019 22:06,0,100,91,1,24/9/2019 22:06,R_1FfDh4b7xEyuvYh,2,A3N90E4Y3JUPOJ,https://investing-lf.herokuapp.com/login,0,A3N90E4Y3JUPOJ
24/9/2019 21:46,24/9/2019 22:07,0,100,1241,1,24/9/2019 22:07,R_1jdgGMy7ERzT5eR,-2,A1601UNFFAAQOI,https://investing-lf.herokuapp.com/login,0,A1601UNFFAAQOI
24/9/2019 22:07,24/9/2019 22:08,0,100,56,1,24/9/2019 22:08,R_3MhWF5MGk1xKOV8,0,A3TI6XISG3CKJF,https://investing-lf.herokuapp.com/login,0,A3TI6XISG3CKJF
24/9/2019 21:57,24/9/2019 22:14,0,100,990,1,24/9/2019 22:14,R_50bi9jSEKpj9bwJ,-1,A3F7L0TIE1QEWW,https://investing-lf.herokuapp.com/login,2,A3F7L0TIE1QEWW
24/9/2019 22:35,24/9/2019 22:35,0,100,11,1,24/9/2019 22:35,R_2OVl2jK1Gtsu6o6,0,A3OWH1915QYNLE,https://investing-lf.herokuapp.com/login,-2,A3OWH1915QYNLE
24/9/2019 22:35,24/9/2019 22:35,0,100,35,1,24/9/2019 22:35,R_2xVP1qybc7J67dg,1,A2M7RO9U5CJX9G,https://investing-lf.herokuapp.com/login,-2,A2M7RO9U5CJX9G
24/9/2019 22:35,24/9/2019 22:35,0,100,45,1,24/9/2019 22:35,R_1I5JrVxJfPDCaD1,3,A2F4MWYA2LEFNL,https://investing-lf.herokuapp.com/login,-2,A2F4MWYA2LEFNL
24/9/2019 22:35,24/9/2019 22:35,0,100,36,1,24/9/2019 22:35,R_26bwYxD6XhPLOee,-2,A2MM1WY6U22OZG,https://investing-lf.herokuapp.com/login,0,A2MM1WY6U22OZG
24/9/2019 22:35,24/9/2019 22:35,0,100,25,1,24/9/2019 22:35,R_1i4qlYLwwfWfwoY,2,A16KPD0UW2OPBA,https://investing-lf.herokuapp.com/login,-2,A16KPD0UW2OPBA
24/9/2019 22:35,24/9/2019 22:35,0,100,34,1,24/9/2019 22:35,R_1kUreAkOfBjioTn,-2,A3TP06ZKSDOPAO,https://investing-lf.herokuapp.com/login,0,A3TP06ZKSDOPAO
24/9/2019 22:35,24/9/2019 22:36,0,100,42,1,24/9/2019 22:36,R_3ML36Kik9vouQG9,2,A8RAYYZKGDBQD,https://investing-lf.herokuapp.com/login,0,A8RAYYZKGDBQD
24/9/2019 22:35,24/9/2019 22:36,0,100,55,1,24/9/2019 22:36,R_3M4K1MoXU48441K,-2,A2B4NOB02ERQCL,https://investing-lf.herokuapp.com/login,-2,A2B4NOB02ERQCL
24/9/2019 22:35,24/9/2019 22:36,0,100,49,1,24/9/2019 22:36,R_217J8IU6w6t6xDD,0,A1SX9DT3XHX845,https://investing-lf.herokuapp.com/login,0,A1SX9DT3XHX845
24/9/2019 22:35,24/9/2019 22:36,0,100,47,1,24/9/2019 22:36,R_1l0ie2JuaiYZbJC,-2,A1HKB73TUJ5Z42,https://investing-lf.herokuapp.com/login,-2,A1HKB73TUJ5Z42
24/9/2019 22:35,24/9/2019 22:36,0,100,56,1,24/9/2019 22:36,R_1Fs1RUxFMOVP2Ys,-1,ACHZV6EH3HWTZ,https://investing-lf.herokuapp.com/login,-2,ACHZV6EH3HWTZ
24/9/2019 22:35,24/9/2019 22:36,0,100,61,1,24/9/2019 22:36,R_2VIq1vNMmVxJip2,-2,A1561P9VVA3C1C,https://investing-lf.herokuapp.com/login,-2,A1561P9VVA3C1C
24/9/2019 22:35,24/9/2019 22:36,0,100,61,1,24/9/2019 22:36,R_114QppnEkj3k29b,2,A1SMT4I1ESNON1,https://investing-lf.herokuapp.com/login,-2,A1SMT4I1ESNON1
24/9/2019 22:35,24/9/2019 22:36,0,100,32,1,24/9/2019 22:36,R_4UW9C4pu7yqP6bn,-1,AYD2LKV6C5F2S,https://investing-lf.herokuapp.com/login,0,AYD2LKV6C5F2S
24/9/2019 22:35,24/9/2019 22:36,0,100,56,1,24/9/2019 22:36,R_sFNyjVnq9cn0gZH,-1,A21P1T8EW4NHOU,https://investing-lf.herokuapp.com/login,-2,A21P1T8EW4NHOU
24/9/2019 22:35,24/9/2019 22:36,0,100,35,1,24/9/2019 22:36,R_2zOoTcI4VUEikaG,-1,A22KYUSPCMWIKR,https://investing-lf.herokuapp.com/login,-2,A22KYUSPCMWIKR
24/9/2019 22:35,24/9/2019 22:36,0,100,60,1,24/9/2019 22:36,R_42WMDMWcjLG3AGZ,-1,AVTLWWC78O2VW,https://investing-lf.herokuapp.com/login,-2,AVTLWWC78O2VW
24/9/2019 22:35,24/9/2019 22:36,0,100,49,1,24/9/2019 22:36,R_3rQtgnCwNUjz6Rr,-1,A3FF1VSY7QIDWB,https://investing-lf.herokuapp.com/login,0,A3FF1VSY7QIDWB
24/9/2019 22:35,24/9/2019 22:36,0,100,51,1,24/9/2019 22:36,R_1nPESIWCWLZxvWd,-1,A13T5R3LI8ANLN,https://investing-lf.herokuapp.com/login,-2,A13T5R3LI8ANLN
24/9/2019 22:35,24/9/2019 22:36,0,100,50,1,24/9/2019 22:36,R_333TmRNIT9J9YtO,-1,A39TKU289CXWRN,https://investing-lf.herokuapp.com/login,-2,A39TKU289CXWRN
24/9/2019 22:35,24/9/2019 22:36,0,100,63,1,24/9/2019 22:36,R_27PPilk0Cw8epHQ,2,A1QUQ0TV9KVD4C,https://investing-lf.herokuapp.com/login,-2,A1QUQ0TV9KVD4C
24/9/2019 22:35,24/9/2019 22:36,0,100,65,1,24/9/2019 22:36,R_3j2jspfDovZo9qn,2,A3SH7B3UK915FC,https://investing-lf.herokuapp.com/login,-2,A3SH7B3UK915FC
24/9/2019 22:35,24/9/2019 22:36,0,100,56,1,24/9/2019 22:36,R_2BaZUyeSUfJ1XA6,1,A2YQ46ZDZFE3Q2,https://investing-lf.herokuapp.com/login,-2,A2YQ46ZDZFE3Q2
24/9/2019 22:35,24/9/2019 22:36,0,100,65,1,24/9/2019 22:36,R_1mEJNyehl6HaQP8,-1,A20IKZ082TZP6P,https://investing-lf.herokuapp.com/login,-2,A20IKZ082TZP6P
24/9/2019 22:35,24/9/2019 22:36,0,100,79,1,24/9/2019 22:36,R_UuVCEDW6Y5tZ4t3,1,A1QSN98P7DOIPR,https://investing-lf.herokuapp.com/login,-2,A1QSN98P7DOIPR
24/9/2019 22:35,24/9/2019 22:36,0,100,79,1,24/9/2019 22:36,R_1PXESsbKRxedJsY,-1,A27CEAL8PWSAG5,https://investing-lf.herokuapp.com/login,-2,A27CEAL8PWSAG5
24/9/2019 22:36,24/9/2019 22:36,0,100,40,1,24/9/2019 22:36,R_3psuUllZ5IeAwix,-1,AXKVHJHF1EOVT,https://investing-lf.herokuapp.com/login,-2,AXKVHJHF1EOVT
24/9/2019 22:35,24/9/2019 22:36,0,100,69,1,24/9/2019 22:36,R_dnfJwO2jv4adRrb,-1,A15IINKXSMD98T,https://investing-lf.herokuapp.com/login,-2,A15IINKXSMD98T
24/9/2019 22:35,24/9/2019 22:37,0,100,69,1,24/9/2019 22:37,R_3iJfX8v1o0l8XfO,0,A1F1TBDHPYAAXT,https://investing-lf.herokuapp.com/login,-2,A1F1TBDHPYAAXT
24/9/2019 22:35,24/9/2019 22:37,0,100,91,1,24/9/2019 22:37,R_1cYSVpCVdbR43GJ,-1,A2BGRGVU9HG0C6,https://investing-lf.herokuapp.com/login,0,A2BGRGVU9HG0C6
24/9/2019 22:35,24/9/2019 22:37,0,100,74,1,24/9/2019 22:37,R_esMeHOUTpQXgbAd,1,AOSO1D81K0ET0,https://investing-lf.herokuapp.com/login,-2,AOSO1D81K0ET0
24/9/2019 22:35,24/9/2019 22:37,0,100,116,1,24/9/2019 22:37,R_3G3auYXv5JAhTku,0,AGNEWBU7179GY,https://investing-lf.herokuapp.com/login,-2,AGNEWBU7179GY
24/9/2019 22:35,24/9/2019 22:37,0,100,117,1,24/9/2019 22:37,R_2tbaimPq9a6Hiqn,0,AHRVVI0K5WSD4,https://investing-lf.herokuapp.com/login,-2,AHRVVI0K5WSD4
24/9/2019 22:35,24/9/2019 22:37,0,100,92,1,24/9/2019 22:37,R_20NCfcmb92JmtCF,-1,A2287HLNN9EZ56,https://investing-lf.herokuapp.com/login,-2,A2287HLNN9EZ56
24/9/2019 22:35,24/9/2019 22:37,0,100,86,1,24/9/2019 22:37,R_1gbBLe8EH7ChbuE,-1,A2DWDTU1KVNISP,https://investing-lf.herokuapp.com/login,0,A2DWDTU1KVNISP
24/9/2019 22:35,24/9/2019 22:37,0,100,118,1,24/9/2019 22:37,R_0IfdnIjhFAWJfrz,-2,A2LR1HKNOVDTJ8,https://investing-lf.herokuapp.com/login,-2,A2LR1HKNOVDTJ8
24/9/2019 22:35,24/9/2019 22:37,0,100,123,1,24/9/2019 22:37,R_3D2fJPuiqFoB5sL,-1,A311A0TCGNTFKK,https://investing-lf.herokuapp.com/login,0,A311A0TCGNTFKK
24/9/2019 22:36,24/9/2019 22:37,0,100,54,1,24/9/2019 22:37,R_2PgIZcK437ADhI0,-1,A38HV76MWKK0EY,https://investing-lf.herokuapp.com/login,-2,A38HV76MWKK0EY
24/9/2019 22:35,24/9/2019 22:37,0,100,125,1,24/9/2019 22:37,R_2pYwIq5Xw5JZhlK,0,A217MHGDI5UYE1,https://investing-lf.herokuapp.com/login,-2,A217MHGDI5UYE1
24/9/2019 22:37,24/9/2019 22:37,0,100,32,1,24/9/2019 22:37,R_1C74iMGsCcQVyvE,-1,A1EN3FW93BSXQQ,https://investing-lf.herokuapp.com/login,-2,A1EN3FW93BSXQQ
24/9/2019 22:35,24/9/2019 22:37,0,100,138,1,24/9/2019 22:37,R_D7d8tET4dxjsPtv,1,ARCCEMO6PIE44,https://investing-lf.herokuapp.com/login,0,ARCCEMO6PIE44
24/9/2019 22:36,24/9/2019 22:37,0,100,84,1,24/9/2019 22:37,R_8jnMqX5XzMCAGSB,-1,A2OLSZ6DD9I239,https://investing-lf.herokuapp.com/login,0,A2OLSZ6DD9I239
24/9/2019 22:36,24/9/2019 22:37,0,100,64,1,24/9/2019 22:37,R_vqOLh0GIY56LcJ3,-1,A2IFRY1FU6PYDU,https://investing-lf.herokuapp.com/login,-2,A2IFRY1FU6PYDU
24/9/2019 22:35,24/9/2019 22:37,0,100,131,1,24/9/2019 22:37,R_2Qxu7ivJuU4uWha,1,AREQ43Q0T8ENT,https://investing-lf.herokuapp.com/login,-2,AREQ43Q0T8ENT
24/9/2019 22:37,24/9/2019 22:37,8,100,14,1,24/9/2019 22:37,R_31vCdwUWs0cENBK,-2,A2LR1HKNOVDTJ8,https://investing-lf.herokuapp.com/login,0,A2LR1HKNOVDTJ8
24/9/2019 22:36,24/9/2019 22:37,0,100,88,1,24/9/2019 22:37,R_yKhmRlp727CzxyV,2,A31QV64WJM0M4G,https://investing-lf.herokuapp.com/login,-2,A31QV64WJM0M4G
24/9/2019 22:36,24/9/2019 22:38,0,100,114,1,24/9/2019 22:38,R_3qw0sLsIyhFMJaP,1,A12ZO39VZ879ZS,https://investing-lf.herokuapp.com/login,-2,A12ZO39VZ879ZS
24/9/2019 22:37,24/9/2019 22:38,0,100,29,1,24/9/2019 22:38,R_dh63qSJT6f7x1bH,-2,A2YLK83DQ6PA5Y,https://investing-lf.herokuapp.com/login,-2,A2YLK83DQ6PA5Y
24/9/2019 22:37,24/9/2019 22:38,0,100,15,1,24/9/2019 22:38,R_3iX1HF6AFZUtsZj,0,A2JI88OO9BS59Y,https://investing-lf.herokuapp.com/login,-2,A2JI88OO9BS59Y
24/9/2019 22:36,24/9/2019 22:38,0,100,120,1,24/9/2019 22:38,R_26eEdD1xkV3UHb8,-1,A1OIBI3PWS4R5K,https://investing-lf.herokuapp.com/login,-2,A1OIBI3PWS4R5K
24/9/2019 22:36,24/9/2019 22:38,0,100,89,1,24/9/2019 22:38,R_2coprDGctkPMaju,1,A2PZI2K946IGG1,https://investing-lf.herokuapp.com/login,0,A2PZI2K946IGG1
24/9/2019 22:36,24/9/2019 22:38,0,100,116,1,24/9/2019 22:38,R_2f6Rd7yTVhuHflw,1,A23UO8033OFMJ5,https://investing-lf.herokuapp.com/login,-2,A23UO8033OFMJ5
24/9/2019 22:38,24/9/2019 22:38,8,100,15,1,24/9/2019 22:38,R_1DHBNJGfkkDg9a9,-2,A2LR1HKNOVDTJ8,https://investing-lf.herokuapp.com/login,-2,A2LR1HKNOVDTJ8
24/9/2019 22:35,24/9/2019 22:38,0,100,147,1,24/9/2019 22:38,R_sNBGmSC2hiy0g01,-2,A2CLGYPCKVH59J,https://investing-lf.herokuapp.com/login,0,A2CLGYPCKVH59J
24/9/2019 22:38,24/9/2019 22:38,8,100,15,1,24/9/2019 22:38,R_bOU5P4ShG8faylz,-2,A2YLK83DQ6PA5Y,https://investing-lf.herokuapp.com/login,-2,A2YLK83DQ6PA5Y
24/9/2019 22:35,24/9/2019 22:38,0,100,176,1,24/9/2019 22:38,R_1es2WR6Df8GgY33,-1,A6AB1O0UYB7PI,https://investing-lf.herokuapp.com/login,-2,A6AB1O0UYB7PI
24/9/2019 22:36,24/9/2019 22:38,0,100,131,1,24/9/2019 22:38,R_7X8L4hQ3AWuS1EZ,1,A1G623UHUNM2QV,https://investing-lf.herokuapp.com/login,-2,A1G623UHUNM2QV
24/9/2019 22:38,24/9/2019 22:38,8,100,14,1,24/9/2019 22:38,R_1eEiqiu6jQspUod,-2,A2LR1HKNOVDTJ8,https://investing-lf.herokuapp.com/login,-2,A2LR1HKNOVDTJ8
24/9/2019 22:36,24/9/2019 22:38,0,100,148,1,24/9/2019 22:38,R_1LWLBIDkwAkgF21,1,ALK8GA6GSXQMQ,https://investing-lf.herokuapp.com/login,-2,ALK8GA6GSXQMQ
24/9/2019 22:35,24/9/2019 22:38,0,100,181,1,24/9/2019 22:38,R_3gNSnH0YEAqCwYS,0,AWKUOA7M4P8YI,https://investing-lf.herokuapp.com/login,-2,AWKUOA7M4P8YI
24/9/2019 22:39,24/9/2019 22:39,8,100,12,1,24/9/2019 22:39,R_2agdld4o8haJj3F,-2,A2LR1HKNOVDTJ8,https://investing-lf.herokuapp.com/login,0,A2LR1HKNOVDTJ8
24/9/2019 22:39,24/9/2019 22:39,0,100,24,1,24/9/2019 22:39,R_1mqqfyCJXuuPO7m,3,A3BD0DFREQX0D4,https://investing-lf.herokuapp.com/login,-2,A3BD0DFREQX0D4
24/9/2019 22:38,24/9/2019 22:39,0,100,70,1,24/9/2019 22:39,R_2TtnvXdouKr0noD,1,ABNJUVNHFVINU,https://investing-lf.herokuapp.com/login,-2,ABNJUVNHFVINU
24/9/2019 22:36,24/9/2019 22:39,0,100,221,1,24/9/2019 22:39,R_3izof0GwNZyZzgJ,-2,A1Q8V9050IW4XG,https://investing-lf.herokuapp.com/login,0,A1Q8V9050IW4XG
24/9/2019 22:35,24/9/2019 22:40,0,100,266,1,24/9/2019 22:40,R_8H81lLVaXhE6jBL,1,A2852RLME6S2IX,https://investing-lf.herokuapp.com/login,0,A2852RLME6S2IX
24/9/2019 22:39,24/9/2019 22:40,0,100,51,1,24/9/2019 22:40,R_2eRaysY8qHRvlJp,-1,A2R89RXGEVG05I,https://investing-lf.herokuapp.com/login,0,A2R89RXGEVG05I
24/9/2019 22:36,24/9/2019 22:40,0,100,217,1,24/9/2019 22:40,R_1Eh7i3bmAxYGI8l,1,A3I5B4U5PCHX18,https://investing-lf.herokuapp.com/login,-2,A3I5B4U5PCHX18
24/9/2019 22:40,24/9/2019 22:40,0,100,21,1,24/9/2019 22:40,R_1nUBgNrcQgqLzha,2,A196CIBUA1CNOF,https://investing-lf.herokuapp.com/login,-2,A196CIBUA1CNOF
24/9/2019 22:35,24/9/2019 22:41,0,100,325,1,24/9/2019 22:41,R_3e4SBhjDPcvLiLQ,2,A1A80US3LE1YGS,https://investing-lf.herokuapp.com/login,-2,A1A80US3LE1YGS
24/9/2019 22:39,24/9/2019 22:41,0,100,94,1,24/9/2019 22:41,R_2dGQwXAEHZVnSoz,0,A2HHGI5CNSS5PD,https://investing-lf.herokuapp.com/login,-2,A2HHGI5CNSS5PD
24/9/2019 22:35,24/9/2019 22:41,0,100,376,1,24/9/2019 22:41,R_Y90PkG66k74PMVb,-1,A15ZDMEVJL3NFQ,https://investing-lf.herokuapp.com/login,-2,A15ZDMEVJL3NFQ
24/9/2019 22:35,24/9/2019 22:42,0,100,405,1,24/9/2019 22:42,R_1OTxfiXN3FoDF0y,0,A27VIS8YL07EID,https://investing-lf.herokuapp.com/login,-2,A27VIS8YL07EID
24/9/2019 22:38,24/9/2019 22:42,0,100,224,1,24/9/2019 22:42,R_2aIG5WY88sO3ZQY,-1,A39S6GR0MTIEAX,https://investing-lf.herokuapp.com/login,-2,A39S6GR0MTIEAX
24/9/2019 22:36,24/9/2019 22:43,0,100,406,1,24/9/2019 22:43,R_1JPGdQ0EAwXDrQK,0,A2QSVBUPZQ9USZ,https://investing-lf.herokuapp.com/login,0,A2QSVBUPZQ9USZ
24/9/2019 22:41,24/9/2019 22:43,0,100,126,1,24/9/2019 22:43,R_1dtzIwaN7BHvNAN,-2,A1HM2VBI4T638R,https://investing-lf.herokuapp.com/login,0,A1HM2VBI4T638R
24/9/2019 22:42,24/9/2019 22:44,0,100,98,1,24/9/2019 22:44,R_324INKzE8qv3Tfg,1,A8YPUBQ0NP4VM,https://investing-lf.herokuapp.com/login,-2,A8YPUBQ0NP4VM
24/9/2019 22:43,24/9/2019 22:44,0,100,60,1,24/9/2019 22:44,R_3haqwUyrV1w2lsf,2,A2CJY4787IR70K,https://investing-lf.herokuapp.com/login,0,A2CJY4787IR70K
24/9/2019 22:43,24/9/2019 22:44,0,100,83,1,24/9/2019 22:44,R_1ImzZLQuFOQddPj,-2,A1VL7507UONPX0,https://investing-lf.herokuapp.com/login,-2,A1VL7507UONPX0
24/9/2019 22:43,24/9/2019 22:44,0,100,30,1,24/9/2019 22:44,R_1C7TQTDRGzM7KfG,3,A2SW0Q0WFUEQ7W,https://investing-lf.herokuapp.com/login,-2,A2SW0Q0WFUEQ7W
24/9/2019 22:42,24/9/2019 22:44,0,100,98,1,24/9/2019 22:44,R_1Imh8e0KMobuXYA,-1,A16ANYLVNPKCVG,https://investing-lf.herokuapp.com/login,-2,A16ANYLVNPKCVG
24/9/2019 22:45,24/9/2019 22:45,0,100,37,1,24/9/2019 22:45,R_3etveAwxyNxRqp5,1,A1BIENE9M8DX6H,https://investing-lf.herokuapp.com/login,0,A1BIENE9M8DX6H
24/9/2019 22:43,24/9/2019 22:46,0,100,185,1,24/9/2019 22:46,R_1ibxLzNt82Gd4Jr,-1,A3843S9LWPDN2K,https://investing-lf.herokuapp.com/login,-2,A3843S9LWPDN2K
24/9/2019 22:45,24/9/2019 22:46,0,100,52,1,24/9/2019 22:46,R_3hrOINP1s4Ud2hi,-1,A3CH1Z6J9R38G9,https://investing-lf.herokuapp.com/login,-2,A3CH1Z6J9R38G9
24/9/2019 22:46,24/9/2019 22:48,0,100,145,1,24/9/2019 22:48,R_1HnPTLdQNDvZZ9V,-2,A3QVNP6OONC9CM,https://investing-lf.herokuapp.com/login,0,A3QVNP6OONC9CM
24/9/2019 22:48,24/9/2019 22:49,0,100,64,1,24/9/2019 22:49,R_1AXX5IIeOaapufL,-2,A37Q4O126A4RNA,https://investing-lf.herokuapp.com/login,-2,A37Q4O126A4RNA
24/9/2019 22:45,24/9/2019 22:49,0,100,233,1,24/9/2019 22:49,R_WfwRDMzS3UQQlYB,1,A297OTX4PW0XS3,https://investing-lf.herokuapp.com/login,-2,A297OTX4PW0XS3
24/9/2019 22:48,24/9/2019 22:49,0,100,54,1,24/9/2019 22:49,R_3hhVHbsEn4sAEsF,0,A3RIPY2C8JEGO5,https://investing-lf.herokuapp.com/login,-2,A3RIPY2C8JEGO5
24/9/2019 22:49,24/9/2019 22:50,0,100,40,1,24/9/2019 22:50,R_1Cx5Nk89zt7ltdA,-1,A1KGCOR8OXYR72,https://investing-lf.herokuapp.com/login,-2,A1KGCOR8OXYR72
24/9/2019 22:50,24/9/2019 22:51,0,100,39,1,24/9/2019 22:51,R_1hYioFrAZ5RM03K,-3,A3HXCMU4MOPSQI,https://investing-lf.herokuapp.com/login,0,A3HXCMU4MOPSQI
24/9/2019 22:50,24/9/2019 22:51,0,100,47,1,24/9/2019 22:51,R_3lM25xR0rMFXCGI,-1,A1TSD3O3C3ZUT6,https://investing-lf.herokuapp.com/login,-2,A1TSD3O3C3ZUT6
24/9/2019 22:50,24/9/2019 22:51,0,100,88,1,24/9/2019 22:51,R_1NkmBtaVugJfMJV,2,A1JWNGQFNYSCQC,https://investing-lf.herokuapp.com/login,-2,A1JWNGQFNYSCQC
24/9/2019 22:51,24/9/2019 22:51,0,100,43,1,24/9/2019 22:51,R_2uPLE1kmZaiA3ug,1,A1ETEW9WH37WDS,https://investing-lf.herokuapp.com/login,-2,A1ETEW9WH37WDS
24/9/2019 22:51,24/9/2019 22:52,0,100,15,1,24/9/2019 22:52,R_UyJp50kR2ktBzjj,1,A230GPTWWF3SE7,https://investing-lf.herokuapp.com/login,-2,A230GPTWWF3SE7
24/9/2019 22:50,24/9/2019 22:52,0,100,116,1,24/9/2019 22:52,R_31L7BGpfnETTEFc,0,A3TQUS51JKYUUE,https://investing-lf.herokuapp.com/login,-2,A3TQUS51JKYUUE
24/9/2019 22:51,24/9/2019 22:53,0,100,98,1,24/9/2019 22:53,R_1IjbMe94lzEtyct,0,A398CG5XGBNGGE,https://investing-lf.herokuapp.com/login,0,A398CG5XGBNGGE
24/9/2019 22:52,24/9/2019 22:53,0,100,64,1,24/9/2019 22:53,R_1FK5waPkrx9xTKE,0,A3HJH6PDKSOJ53,https://investing-lf.herokuapp.com/login,-2,A3HJH6PDKSOJ53
24/9/2019 22:53,24/9/2019 22:54,0,100,33,1,24/9/2019 22:54,R_3nJII3Lb8WIIOnZ,-1,A1TA2I82B8DJSA,https://investing-lf.herokuapp.com/login,-2,A1TA2I82B8DJSA
24/9/2019 22:55,24/9/2019 22:55,0,100,29,1,24/9/2019 22:55,R_3dZ0Ow8Lc3yh15A,2,AHPOOKYE7V04D,https://investing-lf.herokuapp.com/login,0,AHPOOKYE7V04D
24/9/2019 22:43,24/9/2019 22:55,0,100,703,1,24/9/2019 22:55,R_3ffav9ao8yoLxbE,-1,AB8W80RSDX64W,https://investing-lf.herokuapp.com/login,-2,AB8W80RSDX64W
24/9/2019 22:56,24/9/2019 22:57,0,100,62,1,24/9/2019 22:57,R_1N5lo5n6adBpvdJ,-1,AMG4P2X1EGE6T,https://investing-lf.herokuapp.com/login,-2,AMG4P2X1EGE6T
24/9/2019 22:58,24/9/2019 22:59,0,100,80,1,24/9/2019 22:59,R_6LKqsuyWGcbd1S1,-2,A3NMQ3019X6YE0,https://investing-lf.herokuapp.com/login,-2,A3NMQ3019X6YE0
24/9/2019 22:58,24/9/2019 22:59,0,100,91,1,24/9/2019 22:59,R_2YS39FqMFSIhEXO,1,AU5UJIZ3TLI5M,https://investing-lf.herokuapp.com/login,-2,AU5UJIZ3TLI5M
24/9/2019 22:59,24/9/2019 22:59,0,100,32,1,24/9/2019 22:59,R_b2fvLzIBtRseKdj,2,A1BH6H9WRK49I,https://investing-lf.herokuapp.com/login,-2,A1BH6H9WRK49I
24/9/2019 22:59,24/9/2019 23:00,0,100,53,1,24/9/2019 23:00,R_2rueFOV0rbeNLYy,1,A31A4YKVSOYRVS,https://investing-lf.herokuapp.com/login,-2,A31A4YKVSOYRVS
24/9/2019 23:03,24/9/2019 23:04,0,100,65,1,24/9/2019 23:04,R_Amt2QYmQPRGlJHH,-1,A2EQI1DDWL8JMV,https://investing-lf.herokuapp.com/login,0,A2EQI1DDWL8JMV
24/9/2019 23:05,24/9/2019 23:05,0,100,36,1,24/9/2019 23:05,R_24i2Vq803RxEMJR,-1,A2BVVFXMQU8AC7,https://investing-lf.herokuapp.com/login,0,A2BVVFXMQU8AC7
24/9/2019 23:05,24/9/2019 23:07,0,100,77,1,24/9/2019 23:07,R_3qUsSO1ZbSSZVUd,-1,A1E3MR98PNWZBD,https://investing-lf.herokuapp.com/login,-2,A1E3MR98PNWZBD
24/9/2019 23:06,24/9/2019 23:07,0,100,49,1,24/9/2019 23:07,R_3j3Ak4TfSGLfXqy,0,AKYNTKGN25WAH,https://investing-lf.herokuapp.com/login,-2,AKYNTKGN25WAH
24/9/2019 23:06,24/9/2019 23:09,0,100,158,1,24/9/2019 23:09,R_oZC5NVYoc0AbfOx,1,A11EF6L798V32H,https://investing-lf.herokuapp.com/login,-2,A11EF6L798V32H
24/9/2019 23:08,24/9/2019 23:09,0,100,15,1,24/9/2019 23:09,R_byH2TF154Y8nyxj,-1,A17FDM5CXENC1O,https://investing-lf.herokuapp.com/login,-2,A17FDM5CXENC1O
24/9/2019 23:08,24/9/2019 23:09,0,100,51,1,24/9/2019 23:09,R_3J9oVMaXpibMHo2,-2,A1P3J34DH57JNB,https://investing-lf.herokuapp.com/login,0,A1P3J34DH57JNB
24/9/2019 23:06,24/9/2019 23:09,0,100,173,1,24/9/2019 23:09,R_r6kE22GB1RutjZT,2,A1DDY2N2OYOL2V,https://investing-lf.herokuapp.com/login,-2,A1DDY2N2OYOL2V
24/9/2019 23:09,24/9/2019 23:10,0,100,51,1,24/9/2019 23:10,R_3Ed2Cd4IMXaGVIu,2,AQ5XH5R26U7XK,https://investing-lf.herokuapp.com/login,-2,AQ5XH5R26U7XK
24/9/2019 23:15,24/9/2019 23:15,0,100,25,1,24/9/2019 23:15,R_2YzVo1bJ4ptKSey,1,A2E8EKAN93ZJRY,https://investing-lf.herokuapp.com/login,-2,A2E8EKAN93ZJRY
24/9/2019 23:15,24/9/2019 23:17,0,100,117,1,24/9/2019 23:17,R_1gkmImAMkxzwdrD,1,A2QDQO4D99M22T,https://investing-lf.herokuapp.com/login,-2,A2QDQO4D99M22T
24/9/2019 23:20,24/9/2019 23:21,0,100,46,1,24/9/2019 23:21,R_10rw2Z9cRoi2KOr,-1,AMELYCC59JKB0,https://investing-lf.herokuapp.com/login,-2,AMELYCC59JKB0
24/9/2019 23:17,24/9/2019 23:21,0,100,272,1,24/9/2019 23:21,R_3MLNXeLrncqufoT,0,A2EMTSJS47K8SU,https://investing-lf.herokuapp.com/login,0,A2EMTSJS47K8SU
24/9/2019 23:23,24/9/2019 23:24,0,100,87,1,24/9/2019 23:24,R_VK14grlXglWEiVb,-2,A1QC1K71RGKZBI,https://investing-lf.herokuapp.com/login,-2,A1QC1K71RGKZBI
24/9/2019 23:25,24/9/2019 23:26,0,100,67,1,24/9/2019 23:26,R_UT6tEMUPN9i7sTn,0,A37LY5UTJV2KYZ,https://investing-lf.herokuapp.com/login,0,A37LY5UTJV2KYZ
24/9/2019 23:31,24/9/2019 23:32,0,100,50,1,24/9/2019 23:32,R_2v6XSuSUGdXTIF3,-2,A2NK8L3GI8IGXN,https://investing-lf.herokuapp.com/login,-2,A2NK8L3GI8IGXN
